To honour the JVM settings for this build a single-use Daemon process will be forked. For more on this, please refer to https://docs.gradle.org/9.5.1/userguide/gradle_daemon.html#sec:disabling_the_daemon in the Gradle documentation.
Daemon will be stopped at the end of the build 
> Task :compileJava UP-TO-DATE
> Task :processResources UP-TO-DATE
> Task :classes UP-TO-DATE
> Task :resolveMainClassName UP-TO-DATE

> Task :bootRun

  .   ____          _            __ _ _
 /\\ / ___'_ __ _ _(_)_ __  __ _ \ \ \ \
( ( )\___ | '_ | '_| | '_ \/ _` | \ \ \ \
 \\/  ___)| |_)| | | | | || (_| |  ) ) ) )
  '  |____| .__|_| |_|_| |_\__, | / / / /
 =========|_|==============|___/=/_/_/_/

 :: Spring Boot ::       (v4.0.8-SNAPSHOT)

2026-08-20T17:48:14.187+09:00  INFO 8108 --- [InnerDerma] [  restartedMain] com.innerderma.InnerDermaApplication     : Starting InnerDermaApplication using Java 21.0.10 with PID 8108 (C:\dev\InnerDerma\build\classes\java\main started by Pc in C:\dev\InnerDerma)
2026-08-20T17:48:14.187+09:00  INFO 8108 --- [InnerDerma] [  restartedMain] com.innerderma.InnerDermaApplication     : The following 1 profile is active: "local"
2026-08-20T17:48:14.187+09:00 DEBUG 8108 --- [InnerDerma] [  restartedMain] o.s.boot.SpringApplication               : Loading source class com.innerderma.InnerDermaApplication
2026-08-20T17:48:14.226+09:00 DEBUG 8108 --- [InnerDerma] [  restartedMain] o.s.b.devtools.restart.ChangeableUrls    : Matching URLs for reloading : [file:/C:/dev/InnerDerma/build/classes/java/main/, file:/C:/dev/InnerDerma/build/resources/main/]
2026-08-20T17:48:14.226+09:00 DEBUG 8108 --- [InnerDerma] [  restartedMain] o.s.b.d.settings.DevToolsSettings        : Included patterns for restart : []
2026-08-20T17:48:14.226+09:00 DEBUG 8108 --- [InnerDerma] [  restartedMain] o.s.b.d.settings.DevToolsSettings        : Excluded patterns for restart : [/spring-boot-starter-[\w-]+/, /spring-boot/(bin|build|out)/, /spring-boot-starter/(bin|build|out)/, /spring-boot-devtools/(bin|build|out)/, /spring-boot-actuator/(bin|build|out)/, /spring-boot-autoconfigure/(bin|build|out)/]
2026-08-20T17:48:14.226+09:00  INFO 8108 --- [InnerDerma] [  restartedMain] .e.DevToolsPropertyDefaultsPostProcessor : Devtools property defaults active! Set 'spring.devtools.add-properties' to 'false' to disable
2026-08-20T17:48:14.226+09:00  INFO 8108 --- [InnerDerma] [  restartedMain] .e.DevToolsPropertyDefaultsPostProcessor : For additional web related logging consider setting the 'logging.level.web' property to 'DEBUG'
2026-08-20T17:48:14.236+09:00 DEBUG 8108 --- [InnerDerma] [  restartedMain] ConfigServletWebServerApplicationContext : Refreshing org.springframework.boot.web.server.servlet.context.AnnotationConfigServletWebServerApplicationContext@41055bc0
2026-08-20T17:48:15.112+09:00  INFO 8108 --- [InnerDerma] [  restartedMain] .s.d.r.c.RepositoryConfigurationDelegate : Bootstrapping Spring Data JPA repositories in DEFAULT mode.
2026-08-20T17:48:15.138+09:00 DEBUG 8108 --- [InnerDerma] [  restartedMain] o.s.b.a.AutoConfigurationPackages        : @EnableAutoConfiguration was declared on a class in the package 'com.innerderma'. Automatic @Repository and @Entity scanning is enabled.
2026-08-20T17:48:15.227+09:00  INFO 8108 --- [InnerDerma] [  restartedMain] .s.d.r.c.RepositoryConfigurationDelegate : Finished Spring Data repository scanning in 99 ms. Found 16 JPA repository interfaces.
2026-08-20T17:48:15.704+09:00 DEBUG 8108 --- [InnerDerma] [  restartedMain] o.s.b.t.s.TomcatServletWebServerFactory  : Code archive: C:\Users\Pc\.gradle\caches\modules-2\files-2.1\org.springframework.boot\spring-boot-web-server\4.0.8-SNAPSHOT\baf27a89ac9624cfb78e56b02e717e17c33c1a12\spring-boot-web-server-4.0.8-SNAPSHOT.jar
2026-08-20T17:48:15.704+09:00 DEBUG 8108 --- [InnerDerma] [  restartedMain] o.s.b.t.s.TomcatServletWebServerFactory  : Code archive: C:\Users\Pc\.gradle\caches\modules-2\files-2.1\org.springframework.boot\spring-boot-web-server\4.0.8-SNAPSHOT\baf27a89ac9624cfb78e56b02e717e17c33c1a12\spring-boot-web-server-4.0.8-SNAPSHOT.jar
2026-08-20T17:48:15.704+09:00 DEBUG 8108 --- [InnerDerma] [  restartedMain] o.s.b.t.s.TomcatServletWebServerFactory  : None of the document roots [src/main/webapp, public, static] point to a directory and will be ignored.
2026-08-20T17:48:15.760+09:00  INFO 8108 --- [InnerDerma] [  restartedMain] o.s.boot.tomcat.TomcatWebServer          : Tomcat initialized with port 8080 (http)
2026-08-20T17:48:15.773+09:00  INFO 8108 --- [InnerDerma] [  restartedMain] o.apache.catalina.core.StandardService   : Starting service [Tomcat]
2026-08-20T17:48:15.773+09:00  INFO 8108 --- [InnerDerma] [  restartedMain] o.apache.catalina.core.StandardEngine    : Starting Servlet engine: [Apache Tomcat/11.0.24]
2026-08-20T17:48:15.834+09:00 DEBUG 8108 --- [InnerDerma] [  restartedMain] b.w.c.s.WebApplicationContextInitializer : Published root WebApplicationContext as ServletContext attribute with name [org.springframework.web.context.WebApplicationContext.ROOT]
2026-08-20T17:48:15.836+09:00  INFO 8108 --- [InnerDerma] [  restartedMain] b.w.c.s.WebApplicationContextInitializer : Root WebApplicationContext: initialization completed in 1598 ms
2026-08-20T17:48:15.946+09:00 DEBUG 8108 --- [InnerDerma] [  restartedMain] o.s.b.w.s.ServletContextInitializerBeans : Mapping filters: webMvcObservationFilter urls=[/*] order=-2147483647, characterEncodingFilter urls=[/*] order=-2147483648, formContentFilter urls=[/*] order=-9900, requestContextFilter urls=[/*] order=-105
2026-08-20T17:48:15.946+09:00 DEBUG 8108 --- [InnerDerma] [  restartedMain] o.s.b.w.s.ServletContextInitializerBeans : Mapping servlets: dispatcherServlet urls=[/]
2026-08-20T17:48:15.992+09:00 DEBUG 8108 --- [InnerDerma] [  restartedMain] o.s.b.s.f.OrderedRequestContextFilter    : Filter 'requestContextFilter' configured for use
2026-08-20T17:48:15.997+09:00 DEBUG 8108 --- [InnerDerma] [  restartedMain] o.s.w.f.ServerHttpObservationFilter      : Filter 'webMvcObservationFilter' configured for use
2026-08-20T17:48:15.997+09:00 DEBUG 8108 --- [InnerDerma] [  restartedMain] o.s.b.s.f.OrderedCharacterEncodingFilter : Filter 'characterEncodingFilter' configured for use
2026-08-20T17:48:15.997+09:00 DEBUG 8108 --- [InnerDerma] [  restartedMain] o.s.b.s.filter.OrderedFormContentFilter  : Filter 'formContentFilter' configured for use
2026-08-20T17:48:16.138+09:00  INFO 8108 --- [InnerDerma] [  restartedMain] org.hibernate.orm.jpa                    : HHH008540: Processing PersistenceUnitInfo [name: default]
2026-08-20T17:48:16.188+09:00  INFO 8108 --- [InnerDerma] [  restartedMain] org.hibernate.orm.core                   : HHH000001: Hibernate ORM core version 7.2.24.Final
2026-08-20T17:48:16.638+09:00  INFO 8108 --- [InnerDerma] [  restartedMain] o.s.o.j.p.SpringPersistenceUnitInfo      : No LoadTimeWeaver setup: ignoring JPA class transformer
2026-08-20T17:48:16.671+09:00  INFO 8108 --- [InnerDerma] [  restartedMain] com.zaxxer.hikari.HikariDataSource       : HikariPool-1 - Starting...
2026-08-20T17:48:16.805+09:00  INFO 8108 --- [InnerDerma] [  restartedMain] com.zaxxer.hikari.pool.HikariPool        : HikariPool-1 - Added connection conn0: url=jdbc:h2:mem:innerderma-local user=SA
2026-08-20T17:48:16.821+09:00  INFO 8108 --- [InnerDerma] [  restartedMain] com.zaxxer.hikari.HikariDataSource       : HikariPool-1 - Start completed.
2026-08-20T17:48:16.874+09:00  INFO 8108 --- [InnerDerma] [  restartedMain] org.hibernate.orm.connections.pooling    : HHH10001005: Database info:
	Database JDBC URL [jdbc:h2:mem:innerderma-local]
	Database driver: H2 JDBC Driver
	Database dialect: H2Dialect
	Database version: 2.4.240
	Default catalog/schema: INNERDERMA-LOCAL/PUBLIC
	Autocommit mode: undefined/unknown
	Isolation level: READ_COMMITTED [default READ_COMMITTED]
	JDBC fetch size: 100
	Pool: DataSourceConnectionProvider
	Minimum pool size: undefined/unknown
	Maximum pool size: undefined/unknown
2026-08-20T17:48:17.948+09:00  INFO 8108 --- [InnerDerma] [  restartedMain] org.hibernate.orm.core                   : HHH000489: No JTA platform available (set 'hibernate.transaction.jta.platform' to enable JTA platform integration)
2026-08-20T17:48:17.971+09:00 DEBUG 8108 --- [InnerDerma] [  restartedMain] org.hibernate.SQL                        : 
    drop table if exists ai_rules cascade 
Hibernate: 
    drop table if exists ai_rules cascade 
2026-08-20T17:48:17.976+09:00 DEBUG 8108 --- [InnerDerma] [  restartedMain] org.hibernate.SQL                        : 
    drop table if exists care_completions cascade 
Hibernate: 
    drop table if exists care_completions cascade 
2026-08-20T17:48:17.976+09:00 DEBUG 8108 --- [InnerDerma] [  restartedMain] org.hibernate.SQL                        : 
    drop table if exists care_cycles cascade 
Hibernate: 
    drop table if exists care_cycles cascade 
2026-08-20T17:48:17.976+09:00 DEBUG 8108 --- [InnerDerma] [  restartedMain] org.hibernate.SQL                        : 
    drop table if exists care_solutions cascade 
Hibernate: 
    drop table if exists care_solutions cascade 
2026-08-20T17:48:17.978+09:00 DEBUG 8108 --- [InnerDerma] [  restartedMain] org.hibernate.SQL                        : 
    drop table if exists cart_items cascade 
Hibernate: 
    drop table if exists cart_items cascade 
2026-08-20T17:48:17.978+09:00 DEBUG 8108 --- [InnerDerma] [  restartedMain] org.hibernate.SQL                        : 
    drop table if exists facilities cascade 
Hibernate: 
    drop table if exists facilities cascade 
2026-08-20T17:48:17.978+09:00 DEBUG 8108 --- [InnerDerma] [  restartedMain] org.hibernate.SQL                        : 
    drop table if exists procedure_aftercare_restrictions cascade 
Hibernate: 
    drop table if exists procedure_aftercare_restrictions cascade 
2026-08-20T17:48:17.978+09:00 DEBUG 8108 --- [InnerDerma] [  restartedMain] org.hibernate.SQL                        : 
    drop table if exists procedure_allowed_product_tags cascade 
Hibernate: 
    drop table if exists procedure_allowed_product_tags cascade 
2026-08-20T17:48:17.978+09:00 DEBUG 8108 --- [InnerDerma] [  restartedMain] org.hibernate.SQL                        : 
    drop table if exists procedure_normal_symptoms cascade 
Hibernate: 
    drop table if exists procedure_normal_symptoms cascade 
2026-08-20T17:48:17.978+09:00 DEBUG 8108 --- [InnerDerma] [  restartedMain] org.hibernate.SQL                        : 
    drop table if exists procedure_records cascade 
Hibernate: 
    drop table if exists procedure_records cascade 
2026-08-20T17:48:17.978+09:00 DEBUG 8108 --- [InnerDerma] [  restartedMain] org.hibernate.SQL                        : 
    drop table if exists procedure_restricted_product_tags cascade 
Hibernate: 
    drop table if exists procedure_restricted_product_tags cascade 
2026-08-20T17:48:17.978+09:00 DEBUG 8108 --- [InnerDerma] [  restartedMain] org.hibernate.SQL                        : 
    drop table if exists procedure_warning_symptoms cascade 
Hibernate: 
    drop table if exists procedure_warning_symptoms cascade 
2026-08-20T17:48:17.978+09:00 DEBUG 8108 --- [InnerDerma] [  restartedMain] org.hibernate.SQL                        : 
    drop table if exists product_recommendation_logs cascade 
Hibernate: 
    drop table if exists product_recommendation_logs cascade 
2026-08-20T17:48:17.978+09:00 DEBUG 8108 --- [InnerDerma] [  restartedMain] org.hibernate.SQL                        : 
    drop table if exists products cascade 
Hibernate: 
    drop table if exists products cascade 
2026-08-20T17:48:17.978+09:00 DEBUG 8108 --- [InnerDerma] [  restartedMain] org.hibernate.SQL                        : 
    drop table if exists self_checks cascade 
Hibernate: 
    drop table if exists self_checks cascade 
2026-08-20T17:48:17.978+09:00 DEBUG 8108 --- [InnerDerma] [  restartedMain] org.hibernate.SQL                        : 
    drop table if exists skin_analyses cascade 
Hibernate: 
    drop table if exists skin_analyses cascade 
2026-08-20T17:48:17.978+09:00 DEBUG 8108 --- [InnerDerma] [  restartedMain] org.hibernate.SQL                        : 
    drop table if exists skin_captures cascade 
Hibernate: 
    drop table if exists skin_captures cascade 
2026-08-20T17:48:17.978+09:00 DEBUG 8108 --- [InnerDerma] [  restartedMain] org.hibernate.SQL                        : 
    drop table if exists skin_state_snapshots cascade 
Hibernate: 
    drop table if exists skin_state_snapshots cascade 
2026-08-20T17:48:17.978+09:00 DEBUG 8108 --- [InnerDerma] [  restartedMain] org.hibernate.SQL                        : 
    drop table if exists users cascade 
Hibernate: 
    drop table if exists users cascade 
2026-08-20T17:48:17.981+09:00 DEBUG 8108 --- [InnerDerma] [  restartedMain] org.hibernate.SQL                        : 
    drop table if exists whs_skin_diagnoses cascade 
Hibernate: 
    drop table if exists whs_skin_diagnoses cascade 
2026-08-20T17:48:17.981+09:00 DEBUG 8108 --- [InnerDerma] [  restartedMain] org.hibernate.SQL                        : 
    drop table if exists whs_skin_diagnosis_metrics cascade 
Hibernate: 
    drop table if exists whs_skin_diagnosis_metrics cascade 
2026-08-20T17:48:17.981+09:00 DEBUG 8108 --- [InnerDerma] [  restartedMain] org.hibernate.SQL                        : 
    drop table if exists wishlist_items cascade 
Hibernate: 
    drop table if exists wishlist_items cascade 
2026-08-20T17:48:17.988+09:00 DEBUG 8108 --- [InnerDerma] [  restartedMain] org.hibernate.SQL                        : 
    create table ai_rules (
        enabled boolean not null,
        priority integer not null,
        created_at timestamp(6) not null,
        id bigint generated by default as identity,
        rule_id varchar(20) not null,
        version varchar(30) not null,
        name varchar(150) not null,
        explanation_template varchar(1000),
        actions_json clob not null,
        category enum ('ALERT','INPUT_IMAGE','MORNING_CARE','NIGHT_CARE','PIECE_SEOUL','PRIORITY_GOAL','PROCEDURE','RESPONSE_UX','SAFETY','SEASON','SKIN_STATE','TREATMENT','TREND','WIM_INNER_CARE') not null,
        conditions_json clob not null,
        restrictions_json clob not null,
        primary key (id),
        constraint uk_ai_rule_id_version unique (rule_id, version)
    )
Hibernate: 
    create table ai_rules (
        enabled boolean not null,
        priority integer not null,
        created_at timestamp(6) not null,
        id bigint generated by default as identity,
        rule_id varchar(20) not null,
        version varchar(30) not null,
        name varchar(150) not null,
        explanation_template varchar(1000),
        actions_json clob not null,
        category enum ('ALERT','INPUT_IMAGE','MORNING_CARE','NIGHT_CARE','PIECE_SEOUL','PRIORITY_GOAL','PROCEDURE','RESPONSE_UX','SAFETY','SEASON','SKIN_STATE','TREATMENT','TREND','WIM_INNER_CARE') not null,
        conditions_json clob not null,
        restrictions_json clob not null,
        primary key (id),
        constraint uk_ai_rule_id_version unique (rule_id, version)
    )
2026-08-20T17:48:18.000+09:00 DEBUG 8108 --- [InnerDerma] [  restartedMain] org.hibernate.SQL                        : 
    create table care_completions (
        completed boolean not null,
        served_date date not null,
        care_solution_id bigint not null,
        id bigint generated by default as identity,
        updated_at timestamp(6) not null,
        user_id bigint not null,
        phase enum ('EVENING','MORNING') not null,
        primary key (id),
        constraint uk_care_completion_user_date_phase unique (user_id, served_date, phase)
    )
Hibernate: 
    create table care_completions (
        completed boolean not null,
        served_date date not null,
        care_solution_id bigint not null,
        id bigint generated by default as identity,
        updated_at timestamp(6) not null,
        user_id bigint not null,
        phase enum ('EVENING','MORNING') not null,
        primary key (id),
        constraint uk_care_completion_user_date_phase unique (user_id, served_date, phase)
    )
2026-08-20T17:48:18.003+09:00 DEBUG 8108 --- [InnerDerma] [  restartedMain] org.hibernate.SQL                        : 
    create table care_cycles (
        evening_care_date date not null,
        morning_care_date date not null,
        origin_capture_date date not null,
        created_at timestamp(6) not null,
        id bigint generated by default as identity,
        self_check_id bigint,
        skin_analysis_id bigint not null unique,
        user_id bigint not null,
        primary key (id)
    )
Hibernate: 
    create table care_cycles (
        evening_care_date date not null,
        morning_care_date date not null,
        origin_capture_date date not null,
        created_at timestamp(6) not null,
        id bigint generated by default as identity,
        self_check_id bigint,
        skin_analysis_id bigint not null unique,
        user_id bigint not null,
        primary key (id)
    )
2026-08-20T17:48:18.004+09:00 DEBUG 8108 --- [InnerDerma] [  restartedMain] org.hibernate.SQL                        : 
    create table care_solutions (
        care_cycle_id bigint not null unique,
        generated_at timestamp(6) not null,
        id bigint generated by default as identity,
        procedure_record_id bigint,
        whs_diagnosis_id bigint,
        primary_concern varchar(30),
        headline varchar(200) not null,
        safety_message varchar(1000),
        evening_steps_json clob not null,
        morning_steps_json clob not null,
        safety_level enum ('ATTENTION','NORMAL') not null,
        season enum ('AUTUMN','SPRING','SUMMER','WINTER') not null,
        primary key (id)
    )
Hibernate: 
    create table care_solutions (
        care_cycle_id bigint not null unique,
        generated_at timestamp(6) not null,
        id bigint generated by default as identity,
        procedure_record_id bigint,
        whs_diagnosis_id bigint,
        primary_concern varchar(30),
        headline varchar(200) not null,
        safety_message varchar(1000),
        evening_steps_json clob not null,
        morning_steps_json clob not null,
        safety_level enum ('ATTENTION','NORMAL') not null,
        season enum ('AUTUMN','SPRING','SUMMER','WINTER') not null,
        primary key (id)
    )
2026-08-20T17:48:18.007+09:00 DEBUG 8108 --- [InnerDerma] [  restartedMain] org.hibernate.SQL                        : 
    create table cart_items (
        quantity integer not null,
        added_at timestamp(6) not null,
        id bigint generated by default as identity,
        updated_at timestamp(6) not null,
        user_id bigint not null,
        product_source varchar(20) not null,
        product_id varchar(50) not null,
        primary key (id),
        constraint uk_cart_user_product unique (user_id, product_id)
    )
Hibernate: 
    create table cart_items (
        quantity integer not null,
        added_at timestamp(6) not null,
        id bigint generated by default as identity,
        updated_at timestamp(6) not null,
        user_id bigint not null,
        product_source varchar(20) not null,
        product_id varchar(50) not null,
        primary key (id),
        constraint uk_cart_user_product unique (user_id, product_id)
    )
2026-08-20T17:48:18.009+09:00 DEBUG 8108 --- [InnerDerma] [  restartedMain] org.hibernate.SQL                        : 
    create table facilities (
        id bigint generated by default as identity,
        facility_code varchar(20) not null unique,
        name varchar(100) not null,
        primary key (id)
    )
Hibernate: 
    create table facilities (
        id bigint generated by default as identity,
        facility_code varchar(20) not null unique,
        name varchar(100) not null,
        primary key (id)
    )
2026-08-20T17:48:18.011+09:00 DEBUG 8108 --- [InnerDerma] [  restartedMain] org.hibernate.SQL                        : 
    create table procedure_aftercare_restrictions (
        procedure_record_id bigint not null,
        restriction_text varchar(500)
    )
Hibernate: 
    create table procedure_aftercare_restrictions (
        procedure_record_id bigint not null,
        restriction_text varchar(500)
    )
2026-08-20T17:48:18.011+09:00 DEBUG 8108 --- [InnerDerma] [  restartedMain] org.hibernate.SQL                        : 
    create table procedure_allowed_product_tags (
        procedure_record_id bigint not null,
        product_tag varchar(100)
    )
Hibernate: 
    create table procedure_allowed_product_tags (
        procedure_record_id bigint not null,
        product_tag varchar(100)
    )
2026-08-20T17:48:18.013+09:00 DEBUG 8108 --- [InnerDerma] [  restartedMain] org.hibernate.SQL                        : 
    create table procedure_normal_symptoms (
        procedure_record_id bigint not null,
        symptom varchar(500)
    )
Hibernate: 
    create table procedure_normal_symptoms (
        procedure_record_id bigint not null,
        symptom varchar(500)
    )
2026-08-20T17:48:18.013+09:00 DEBUG 8108 --- [InnerDerma] [  restartedMain] org.hibernate.SQL                        : 
    create table procedure_records (
        expected_recovery_days_max integer,
        expected_recovery_days_min integer,
        procedure_date date not null,
        facility_id bigint not null,
        id bigint generated by default as identity,
        user_id bigint not null,
        treatment_rule_version varchar(50),
        procedure_name varchar(100) not null,
        treatment_area varchar(100),
        treatment_code varchar(100),
        treatment_source varchar(100),
        treatment_type varchar(100),
        care_guide varchar(1000) not null,
        primary key (id)
    )
Hibernate: 
    create table procedure_records (
        expected_recovery_days_max integer,
        expected_recovery_days_min integer,
        procedure_date date not null,
        facility_id bigint not null,
        id bigint generated by default as identity,
        user_id bigint not null,
        treatment_rule_version varchar(50),
        procedure_name varchar(100) not null,
        treatment_area varchar(100),
        treatment_code varchar(100),
        treatment_source varchar(100),
        treatment_type varchar(100),
        care_guide varchar(1000) not null,
        primary key (id)
    )
2026-08-20T17:48:18.017+09:00 DEBUG 8108 --- [InnerDerma] [  restartedMain] org.hibernate.SQL                        : 
    create table procedure_restricted_product_tags (
        procedure_record_id bigint not null,
        product_tag varchar(100)
    )
Hibernate: 
    create table procedure_restricted_product_tags (
        procedure_record_id bigint not null,
        product_tag varchar(100)
    )
2026-08-20T17:48:18.017+09:00 DEBUG 8108 --- [InnerDerma] [  restartedMain] org.hibernate.SQL                        : 
    create table procedure_warning_symptoms (
        procedure_record_id bigint not null,
        symptom varchar(500)
    )
Hibernate: 
    create table procedure_warning_symptoms (
        procedure_record_id bigint not null,
        symptom varchar(500)
    )
2026-08-20T17:48:18.019+09:00 DEBUG 8108 --- [InnerDerma] [  restartedMain] org.hibernate.SQL                        : 
    create table product_recommendation_logs (
        recommended_date date not null,
        id bigint generated by default as identity,
        user_id bigint not null,
        product_source varchar(20) not null,
        product_id varchar(50) not null,
        primary key (id)
    )
Hibernate: 
    create table product_recommendation_logs (
        recommended_date date not null,
        id bigint generated by default as identity,
        user_id bigint not null,
        product_source varchar(20) not null,
        product_id varchar(50) not null,
        primary key (id)
    )
2026-08-20T17:48:18.021+09:00 DEBUG 8108 --- [InnerDerma] [  restartedMain] org.hibernate.SQL                        : 
    create table products (
        active boolean not null,
        demo_product boolean not null,
        display_priority integer not null,
        price integer,
        safety_attention_compatible boolean not null,
        id bigint generated by default as identity,
        source varchar(20),
        product_code varchar(50) not null unique,
        brand varchar(100) not null,
        name varchar(150) not null,
        application_method varchar(500),
        image_url varchar(500),
        official_url varchar(500),
        usage_instruction varchar(500),
        category enum ('CLEANSER','MOISTURIZER','SUNSCREEN','TARGETED_CARE') not null,
        ingredients_highlight_json clob,
        skin_state_tags_json clob,
        target_concern enum ('ACNE','BLACKHEAD','DARK_CIRCLE','EYE_SAGGING','GENERAL','PIGMENTATION','PORE_TEXTURE','REDNESS','SKIN_UNIFORMITY','WRINKLE') not null,
        verified_claims_json clob,
        primary key (id)
    )
Hibernate: 
    create table products (
        active boolean not null,
        demo_product boolean not null,
        display_priority integer not null,
        price integer,
        safety_attention_compatible boolean not null,
        id bigint generated by default as identity,
        source varchar(20),
        product_code varchar(50) not null unique,
        brand varchar(100) not null,
        name varchar(150) not null,
        application_method varchar(500),
        image_url varchar(500),
        official_url varchar(500),
        usage_instruction varchar(500),
        category enum ('CLEANSER','MOISTURIZER','SUNSCREEN','TARGETED_CARE') not null,
        ingredients_highlight_json clob,
        skin_state_tags_json clob,
        target_concern enum ('ACNE','BLACKHEAD','DARK_CIRCLE','EYE_SAGGING','GENERAL','PIGMENTATION','PORE_TEXTURE','REDNESS','SKIN_UNIFORMITY','WRINKLE') not null,
        verified_claims_json clob,
        primary key (id)
    )
2026-08-20T17:48:18.025+09:00 DEBUG 8108 --- [InnerDerma] [  restartedMain] org.hibernate.SQL                        : 
    create table self_checks (
        checked_at timestamp(6) not null,
        id bigint generated by default as identity,
        user_id bigint not null,
        note varchar(500),
        barrier_damage enum ('MILD','MODERATE','NONE','SEVERE') not null,
        bleeding enum ('MILD','MODERATE','NONE','SEVERE') not null,
        breakout enum ('MILD','MODERATE','NONE','SEVERE') not null,
        dryness enum ('MILD','MODERATE','NONE','SEVERE') not null,
        heat_sensation enum ('MILD','MODERATE','NONE','SEVERE') not null,
        itching enum ('MILD','MODERATE','NONE','SEVERE') not null,
        oozing enum ('MILD','MODERATE','NONE','SEVERE') not null,
        pain enum ('MILD','MODERATE','NONE','SEVERE') not null,
        peeling enum ('MILD','MODERATE','NONE','SEVERE') not null,
        swelling enum ('MILD','MODERATE','NONE','SEVERE') not null,
        tightness enum ('MILD','MODERATE','NONE','SEVERE') not null,
        primary key (id)
    )
Hibernate: 
    create table self_checks (
        checked_at timestamp(6) not null,
        id bigint generated by default as identity,
        user_id bigint not null,
        note varchar(500),
        barrier_damage enum ('MILD','MODERATE','NONE','SEVERE') not null,
        bleeding enum ('MILD','MODERATE','NONE','SEVERE') not null,
        breakout enum ('MILD','MODERATE','NONE','SEVERE') not null,
        dryness enum ('MILD','MODERATE','NONE','SEVERE') not null,
        heat_sensation enum ('MILD','MODERATE','NONE','SEVERE') not null,
        itching enum ('MILD','MODERATE','NONE','SEVERE') not null,
        oozing enum ('MILD','MODERATE','NONE','SEVERE') not null,
        pain enum ('MILD','MODERATE','NONE','SEVERE') not null,
        peeling enum ('MILD','MODERATE','NONE','SEVERE') not null,
        swelling enum ('MILD','MODERATE','NONE','SEVERE') not null,
        tightness enum ('MILD','MODERATE','NONE','SEVERE') not null,
        primary key (id)
    )
2026-08-20T17:48:18.027+09:00 DEBUG 8108 --- [InnerDerma] [  restartedMain] org.hibernate.SQL                        : 
    create table skin_analyses (
        overall_score float(53) not null,
        analyzed_at timestamp(6) not null,
        id bigint generated by default as identity,
        skin_capture_id bigint not null unique,
        model_version varchar(50) not null,
        skin_health_grade varchar(50) not null,
        raw_result clob not null,
        primary key (id)
    )
Hibernate: 
    create table skin_analyses (
        overall_score float(53) not null,
        analyzed_at timestamp(6) not null,
        id bigint generated by default as identity,
        skin_capture_id bigint not null unique,
        model_version varchar(50) not null,
        skin_health_grade varchar(50) not null,
        raw_result clob not null,
        primary key (id)
    )
2026-08-20T17:48:18.029+09:00 DEBUG 8108 --- [InnerDerma] [  restartedMain] org.hibernate.SQL                        : 
    create table skin_captures (
        captured_date date not null,
        captured_at timestamp(6) not null,
        file_size bigint not null,
        id bigint generated by default as identity,
        user_id bigint not null,
        content_type varchar(100) not null,
        image_path varchar(500) not null unique,
        original_filename varchar(255) not null,
        quality_status enum ('QUALITY_CHECK_FAILED','VALID') not null,
        primary key (id)
    )
Hibernate: 
    create table skin_captures (
        captured_date date not null,
        captured_at timestamp(6) not null,
        file_size bigint not null,
        id bigint generated by default as identity,
        user_id bigint not null,
        content_type varchar(100) not null,
        image_path varchar(500) not null unique,
        original_filename varchar(255) not null,
        quality_status enum ('QUALITY_CHECK_FAILED','VALID') not null,
        primary key (id)
    )
2026-08-20T17:48:18.032+09:00 DEBUG 8108 --- [InnerDerma] [  restartedMain] org.hibernate.SQL                        : 
    create table skin_state_snapshots (
        snapshot_date date not null,
        created_at timestamp(6) not null,
        id bigint generated by default as identity,
        source_analysis_id bigint,
        source_self_check_id bigint not null,
        updated_at timestamp(6) not null,
        user_id bigint not null,
        dominant_symptom varchar(40),
        scoring_version varchar(40) not null,
        analysis_scores_json clob,
        symptom_scores_json clob not null,
        primary key (id),
        constraint uk_snapshot_user_date unique (user_id, snapshot_date)
    )
Hibernate: 
    create table skin_state_snapshots (
        snapshot_date date not null,
        created_at timestamp(6) not null,
        id bigint generated by default as identity,
        source_analysis_id bigint,
        source_self_check_id bigint not null,
        updated_at timestamp(6) not null,
        user_id bigint not null,
        dominant_symptom varchar(40),
        scoring_version varchar(40) not null,
        analysis_scores_json clob,
        symptom_scores_json clob not null,
        primary key (id),
        constraint uk_snapshot_user_date unique (user_id, snapshot_date)
    )
2026-08-20T17:48:18.032+09:00 DEBUG 8108 --- [InnerDerma] [  restartedMain] org.hibernate.SQL                        : 
    create table users (
        id bigint generated by default as identity,
        preferred_locale varchar(10) not null,
        phone_number varchar(30) not null,
        name varchar(50) not null,
        user_code varchar(50) not null unique,
        primary key (id)
    )
Hibernate: 
    create table users (
        id bigint generated by default as identity,
        preferred_locale varchar(10) not null,
        phone_number varchar(30) not null,
        name varchar(50) not null,
        user_code varchar(50) not null unique,
        primary key (id)
    )
2026-08-20T17:48:18.036+09:00 DEBUG 8108 --- [InnerDerma] [  restartedMain] org.hibernate.SQL                        : 
    create table whs_skin_diagnoses (
        diagnosed_date date not null,
        id bigint generated by default as identity,
        user_id bigint not null,
        result_summary varchar(1000) not null,
        primary key (id)
    )
Hibernate: 
    create table whs_skin_diagnoses (
        diagnosed_date date not null,
        id bigint generated by default as identity,
        user_id bigint not null,
        result_summary varchar(1000) not null,
        primary key (id)
    )
2026-08-20T17:48:18.037+09:00 DEBUG 8108 --- [InnerDerma] [  restartedMain] org.hibernate.SQL                        : 
    create table whs_skin_diagnosis_metrics (
        average_score float(53),
        user_score float(53),
        diagnosis_id bigint not null,
        id bigint generated by default as identity,
        grade enum ('EXCELLENT','NEEDS_IMPROVEMENT','NORMAL'),
        metric_type enum ('ACNE','BLACKHEAD','CROW_FEET_WRINKLE','DARK_CIRCLE','EYE_SAGGING','FOREHEAD_WRINKLE','PIGMENTATION','PORE','SKIN_AGE','SKIN_UNIFORMITY','UNDER_EYE_WRINKLE') not null,
        primary key (id),
        constraint uk_whs_diagnosis_metric unique (diagnosis_id, metric_type)
    )
Hibernate: 
    create table whs_skin_diagnosis_metrics (
        average_score float(53),
        user_score float(53),
        diagnosis_id bigint not null,
        id bigint generated by default as identity,
        grade enum ('EXCELLENT','NEEDS_IMPROVEMENT','NORMAL'),
        metric_type enum ('ACNE','BLACKHEAD','CROW_FEET_WRINKLE','DARK_CIRCLE','EYE_SAGGING','FOREHEAD_WRINKLE','PIGMENTATION','PORE','SKIN_AGE','SKIN_UNIFORMITY','UNDER_EYE_WRINKLE') not null,
        primary key (id),
        constraint uk_whs_diagnosis_metric unique (diagnosis_id, metric_type)
    )
2026-08-20T17:48:18.039+09:00 DEBUG 8108 --- [InnerDerma] [  restartedMain] org.hibernate.SQL                        : 
    create table wishlist_items (
        added_at timestamp(6) not null,
        id bigint generated by default as identity,
        user_id bigint not null,
        product_source varchar(20) not null,
        product_id varchar(50) not null,
        primary key (id),
        constraint uk_wishlist_user_product unique (user_id, product_id)
    )
Hibernate: 
    create table wishlist_items (
        added_at timestamp(6) not null,
        id bigint generated by default as identity,
        user_id bigint not null,
        product_source varchar(20) not null,
        product_id varchar(50) not null,
        primary key (id),
        constraint uk_wishlist_user_product unique (user_id, product_id)
    )
2026-08-20T17:48:18.041+09:00 DEBUG 8108 --- [InnerDerma] [  restartedMain] org.hibernate.SQL                        : 
    create index idx_rec_log_user_product_date 
       on product_recommendation_logs (user_id, product_id, recommended_date)
Hibernate: 
    create index idx_rec_log_user_product_date 
       on product_recommendation_logs (user_id, product_id, recommended_date)
2026-08-20T17:48:18.042+09:00 DEBUG 8108 --- [InnerDerma] [  restartedMain] org.hibernate.SQL                        : 
    alter table if exists care_completions 
       add constraint FK1obe68lfeww67ch2189568qcy 
       foreign key (care_solution_id) 
       references care_solutions
Hibernate: 
    alter table if exists care_completions 
       add constraint FK1obe68lfeww67ch2189568qcy 
       foreign key (care_solution_id) 
       references care_solutions
2026-08-20T17:48:18.059+09:00 DEBUG 8108 --- [InnerDerma] [  restartedMain] org.hibernate.SQL                        : 
    alter table if exists care_completions 
       add constraint FKte7i1hnkg8rgtnxpxpwbk4naa 
       foreign key (user_id) 
       references users
Hibernate: 
    alter table if exists care_completions 
       add constraint FKte7i1hnkg8rgtnxpxpwbk4naa 
       foreign key (user_id) 
       references users
2026-08-20T17:48:18.061+09:00 DEBUG 8108 --- [InnerDerma] [  restartedMain] org.hibernate.SQL                        : 
    alter table if exists care_cycles 
       add constraint FKlkl5bnakalfy8ncbnq8girlty 
       foreign key (self_check_id) 
       references self_checks
Hibernate: 
    alter table if exists care_cycles 
       add constraint FKlkl5bnakalfy8ncbnq8girlty 
       foreign key (self_check_id) 
       references self_checks
2026-08-20T17:48:18.061+09:00 DEBUG 8108 --- [InnerDerma] [  restartedMain] org.hibernate.SQL                        : 
    alter table if exists care_cycles 
       add constraint FKf039r175idxmeeaj7hiieovj 
       foreign key (skin_analysis_id) 
       references skin_analyses
Hibernate: 
    alter table if exists care_cycles 
       add constraint FKf039r175idxmeeaj7hiieovj 
       foreign key (skin_analysis_id) 
       references skin_analyses
2026-08-20T17:48:18.061+09:00 DEBUG 8108 --- [InnerDerma] [  restartedMain] org.hibernate.SQL                        : 
    alter table if exists care_cycles 
       add constraint FKb0p4u9bsw44utkb9uoklk26i4 
       foreign key (user_id) 
       references users
Hibernate: 
    alter table if exists care_cycles 
       add constraint FKb0p4u9bsw44utkb9uoklk26i4 
       foreign key (user_id) 
       references users
2026-08-20T17:48:18.065+09:00 DEBUG 8108 --- [InnerDerma] [  restartedMain] org.hibernate.SQL                        : 
    alter table if exists care_solutions 
       add constraint FK8tj0q1rtfbxhxbv681fc9h8m 
       foreign key (care_cycle_id) 
       references care_cycles
Hibernate: 
    alter table if exists care_solutions 
       add constraint FK8tj0q1rtfbxhxbv681fc9h8m 
       foreign key (care_cycle_id) 
       references care_cycles
2026-08-20T17:48:18.065+09:00 DEBUG 8108 --- [InnerDerma] [  restartedMain] org.hibernate.SQL                        : 
    alter table if exists care_solutions 
       add constraint FKofhlh3etrwn3bhibfei5luey7 
       foreign key (procedure_record_id) 
       references procedure_records
Hibernate: 
    alter table if exists care_solutions 
       add constraint FKofhlh3etrwn3bhibfei5luey7 
       foreign key (procedure_record_id) 
       references procedure_records
2026-08-20T17:48:18.065+09:00 DEBUG 8108 --- [InnerDerma] [  restartedMain] org.hibernate.SQL                        : 
    alter table if exists care_solutions 
       add constraint FKe2v7vjjbbq3i9syycn03g9rr4 
       foreign key (whs_diagnosis_id) 
       references whs_skin_diagnoses
Hibernate: 
    alter table if exists care_solutions 
       add constraint FKe2v7vjjbbq3i9syycn03g9rr4 
       foreign key (whs_diagnosis_id) 
       references whs_skin_diagnoses
2026-08-20T17:48:18.067+09:00 DEBUG 8108 --- [InnerDerma] [  restartedMain] org.hibernate.SQL                        : 
    alter table if exists cart_items 
       add constraint FK709eickf3kc0dujx3ub9i7btf 
       foreign key (user_id) 
       references users
Hibernate: 
    alter table if exists cart_items 
       add constraint FK709eickf3kc0dujx3ub9i7btf 
       foreign key (user_id) 
       references users
2026-08-20T17:48:18.067+09:00 DEBUG 8108 --- [InnerDerma] [  restartedMain] org.hibernate.SQL                        : 
    alter table if exists procedure_aftercare_restrictions 
       add constraint FKs7lgu9ggd87nnm1sln8vg8ifa 
       foreign key (procedure_record_id) 
       references procedure_records
Hibernate: 
    alter table if exists procedure_aftercare_restrictions 
       add constraint FKs7lgu9ggd87nnm1sln8vg8ifa 
       foreign key (procedure_record_id) 
       references procedure_records
2026-08-20T17:48:18.069+09:00 DEBUG 8108 --- [InnerDerma] [  restartedMain] org.hibernate.SQL                        : 
    alter table if exists procedure_allowed_product_tags 
       add constraint FKla5wppjwq5fdcnjbw2hg2ygg7 
       foreign key (procedure_record_id) 
       references procedure_records
Hibernate: 
    alter table if exists procedure_allowed_product_tags 
       add constraint FKla5wppjwq5fdcnjbw2hg2ygg7 
       foreign key (procedure_record_id) 
       references procedure_records
2026-08-20T17:48:18.072+09:00 DEBUG 8108 --- [InnerDerma] [  restartedMain] org.hibernate.SQL                        : 
    alter table if exists procedure_normal_symptoms 
       add constraint FKq3cdh3smbpqrrj1gnck5gn9gt 
       foreign key (procedure_record_id) 
       references procedure_records
Hibernate: 
    alter table if exists procedure_normal_symptoms 
       add constraint FKq3cdh3smbpqrrj1gnck5gn9gt 
       foreign key (procedure_record_id) 
       references procedure_records
2026-08-20T17:48:18.072+09:00 DEBUG 8108 --- [InnerDerma] [  restartedMain] org.hibernate.SQL                        : 
    alter table if exists procedure_records 
       add constraint FKp33vvrlcbgfqgqafp0uurq7wm 
       foreign key (facility_id) 
       references facilities
Hibernate: 
    alter table if exists procedure_records 
       add constraint FKp33vvrlcbgfqgqafp0uurq7wm 
       foreign key (facility_id) 
       references facilities
2026-08-20T17:48:18.072+09:00 DEBUG 8108 --- [InnerDerma] [  restartedMain] org.hibernate.SQL                        : 
    alter table if exists procedure_records 
       add constraint FKji0pjx6jb7ck50ids438pkxg6 
       foreign key (user_id) 
       references users
Hibernate: 
    alter table if exists procedure_records 
       add constraint FKji0pjx6jb7ck50ids438pkxg6 
       foreign key (user_id) 
       references users
2026-08-20T17:48:18.072+09:00 DEBUG 8108 --- [InnerDerma] [  restartedMain] org.hibernate.SQL                        : 
    alter table if exists procedure_restricted_product_tags 
       add constraint FKgnnpj8lmmt2tkiywogdlg22b 
       foreign key (procedure_record_id) 
       references procedure_records
Hibernate: 
    alter table if exists procedure_restricted_product_tags 
       add constraint FKgnnpj8lmmt2tkiywogdlg22b 
       foreign key (procedure_record_id) 
       references procedure_records
2026-08-20T17:48:18.072+09:00 DEBUG 8108 --- [InnerDerma] [  restartedMain] org.hibernate.SQL                        : 
    alter table if exists procedure_warning_symptoms 
       add constraint FK7thvgfdnjb2dly2mx2polseyu 
       foreign key (procedure_record_id) 
       references procedure_records
Hibernate: 
    alter table if exists procedure_warning_symptoms 
       add constraint FK7thvgfdnjb2dly2mx2polseyu 
       foreign key (procedure_record_id) 
       references procedure_records
2026-08-20T17:48:18.072+09:00 DEBUG 8108 --- [InnerDerma] [  restartedMain] org.hibernate.SQL                        : 
    alter table if exists product_recommendation_logs 
       add constraint FKcs0ihucjyms90kqyi6x88q6dw 
       foreign key (user_id) 
       references users
Hibernate: 
    alter table if exists product_recommendation_logs 
       add constraint FKcs0ihucjyms90kqyi6x88q6dw 
       foreign key (user_id) 
       references users
2026-08-20T17:48:18.072+09:00 DEBUG 8108 --- [InnerDerma] [  restartedMain] org.hibernate.SQL                        : 
    alter table if exists self_checks 
       add constraint FK4lypegsckwk449a8ujpf6nnem 
       foreign key (user_id) 
       references users
Hibernate: 
    alter table if exists self_checks 
       add constraint FK4lypegsckwk449a8ujpf6nnem 
       foreign key (user_id) 
       references users
2026-08-20T17:48:18.079+09:00 DEBUG 8108 --- [InnerDerma] [  restartedMain] org.hibernate.SQL                        : 
    alter table if exists skin_analyses 
       add constraint FK6w87j76wbim9scw5cf655va2s 
       foreign key (skin_capture_id) 
       references skin_captures
Hibernate: 
    alter table if exists skin_analyses 
       add constraint FK6w87j76wbim9scw5cf655va2s 
       foreign key (skin_capture_id) 
       references skin_captures
2026-08-20T17:48:18.079+09:00 DEBUG 8108 --- [InnerDerma] [  restartedMain] org.hibernate.SQL                        : 
    alter table if exists skin_captures 
       add constraint FKnp5jq1qdrbgskkh08bs6cj4d4 
       foreign key (user_id) 
       references users
Hibernate: 
    alter table if exists skin_captures 
       add constraint FKnp5jq1qdrbgskkh08bs6cj4d4 
       foreign key (user_id) 
       references users
2026-08-20T17:48:18.079+09:00 DEBUG 8108 --- [InnerDerma] [  restartedMain] org.hibernate.SQL                        : 
    alter table if exists skin_state_snapshots 
       add constraint FKtpwops96rj4j9t34mapnnc382 
       foreign key (user_id) 
       references users
Hibernate: 
    alter table if exists skin_state_snapshots 
       add constraint FKtpwops96rj4j9t34mapnnc382 
       foreign key (user_id) 
       references users
2026-08-20T17:48:18.079+09:00 DEBUG 8108 --- [InnerDerma] [  restartedMain] org.hibernate.SQL                        : 
    alter table if exists whs_skin_diagnoses 
       add constraint FKk5n8tq1su23y4bkbudjy6e9eq 
       foreign key (user_id) 
       references users
Hibernate: 
    alter table if exists whs_skin_diagnoses 
       add constraint FKk5n8tq1su23y4bkbudjy6e9eq 
       foreign key (user_id) 
       references users
2026-08-20T17:48:18.079+09:00 DEBUG 8108 --- [InnerDerma] [  restartedMain] org.hibernate.SQL                        : 
    alter table if exists whs_skin_diagnosis_metrics 
       add constraint FKaayjf8ltawdh1g8j6j4la8d6q 
       foreign key (diagnosis_id) 
       references whs_skin_diagnoses
Hibernate: 
    alter table if exists whs_skin_diagnosis_metrics 
       add constraint FKaayjf8ltawdh1g8j6j4la8d6q 
       foreign key (diagnosis_id) 
       references whs_skin_diagnoses
2026-08-20T17:48:18.079+09:00 DEBUG 8108 --- [InnerDerma] [  restartedMain] org.hibernate.SQL                        : 
    alter table if exists wishlist_items 
       add constraint FKmmj2k1i459yu449k3h1vx5abp 
       foreign key (user_id) 
       references users
Hibernate: 
    alter table if exists wishlist_items 
       add constraint FKmmj2k1i459yu449k3h1vx5abp 
       foreign key (user_id) 
       references users
2026-08-20T17:48:18.088+09:00  INFO 8108 --- [InnerDerma] [  restartedMain] j.LocalContainerEntityManagerFactoryBean : Initialized JPA EntityManagerFactory for persistence unit 'default'
2026-08-20T17:48:18.165+09:00  INFO 8108 --- [InnerDerma] [  restartedMain] o.s.d.j.r.query.QueryEnhancerFactories   : Hibernate is in classpath; If applicable, HQL parser will be used.
2026-08-20T17:48:19.003+09:00 DEBUG 8108 --- [InnerDerma] [  restartedMain] s.w.s.m.m.a.RequestMappingHandlerMapping : 60 mappings in 'requestMappingHandlerMapping'
2026-08-20T17:48:19.022+09:00 DEBUG 8108 --- [InnerDerma] [  restartedMain] o.s.w.s.handler.SimpleUrlHandlerMapping  : Patterns [/webjars/**, /**, /swagger-ui*/*swagger-initializer.js, /swagger-ui*/**] in 'resourceHandlerMapping'
2026-08-20T17:48:19.044+09:00 DEBUG 8108 --- [InnerDerma] [  restartedMain] s.w.s.m.m.a.RequestMappingHandlerAdapter : ControllerAdvice beans: 0 @ModelAttribute, 0 @InitBinder, 2 RequestBodyAdvice, 1 ResponseBodyAdvice
2026-08-20T17:48:19.071+09:00 DEBUG 8108 --- [InnerDerma] [  restartedMain] .m.m.a.ExceptionHandlerExceptionResolver : ControllerAdvice beans: 2 @ExceptionHandler, 1 ResponseBodyAdvice
2026-08-20T17:48:19.262+09:00  INFO 8108 --- [InnerDerma] [  restartedMain] o.s.b.a.e.web.EndpointLinksResolver      : Exposing 1 endpoint beneath base path '/actuator'
2026-08-20T17:48:19.304+09:00  INFO 8108 --- [InnerDerma] [  restartedMain] o.s.boot.tomcat.TomcatWebServer          : Tomcat started on port 8080 (http) with context path '/'
2026-08-20T17:48:19.304+09:00 DEBUG 8108 --- [InnerDerma] [  restartedMain] .s.b.a.l.ConditionEvaluationReportLogger : 


============================
CONDITIONS EVALUATION REPORT
============================


Positive matches:
-----------------

   AopAutoConfiguration matched:
      - @ConditionalOnBooleanProperty (spring.aop.auto=true) matched (OnPropertyCondition)

   AopAutoConfiguration.AspectJAutoProxyingConfiguration matched:
      - @ConditionalOnClass found required class 'org.aspectj.weaver.Advice' (OnClassCondition)

   AopAutoConfiguration.AspectJAutoProxyingConfiguration.CglibAutoProxyConfiguration matched:
      - @ConditionalOnBooleanProperty (spring.aop.proxy-target-class=true) matched (OnPropertyCondition)

   ApplicationAvailabilityAutoConfiguration#applicationAvailability matched:
      - @ConditionalOnMissingBean (types: org.springframework.boot.availability.ApplicationAvailability; SearchStrategy: all) did not find any beans (OnBeanCondition)

   AvailabilityHealthContributorAutoConfiguration matched:
      - @ConditionalOnClass found required class 'org.springframework.boot.health.contributor.Health' (OnClassCondition)

   AvailabilityProbesAutoConfiguration matched:
      - @ConditionalOnClass found required class 'org.springframework.boot.actuate.endpoint.annotation.Endpoint' (OnClassCondition)
      - @ConditionalOnBooleanProperty (management.endpoint.health.probes.enabled=true) matched (OnPropertyCondition)

   AvailabilityProbesAutoConfiguration#livenessStateHealthIndicator matched:
      - @ConditionalOnMissingBean (names: livenessStateHealthIndicator; SearchStrategy: all) did not find any beans (OnBeanCondition)

   AvailabilityProbesAutoConfiguration#readinessStateHealthIndicator matched:
      - @ConditionalOnMissingBean (names: readinessStateHealthIndicator; SearchStrategy: all) did not find any beans (OnBeanCondition)

   CompositeMeterRegistryAutoConfiguration matched:
      - @ConditionalOnClass found required class 'io.micrometer.core.instrument.composite.CompositeMeterRegistry' (OnClassCondition)

   DataJpaRepositoriesAutoConfiguration matched:
      - @ConditionalOnClass found required class 'org.springframework.data.jpa.repository.JpaRepository' (OnClassCondition)
      - @ConditionalOnBooleanProperty (spring.data.jpa.repositories.enabled=true) matched (OnPropertyCondition)
      - @ConditionalOnBean (types: javax.sql.DataSource; SearchStrategy: all) found bean 'dataSource'; @ConditionalOnMissingBean (types: org.springframework.data.jpa.repository.support.JpaRepositoryFactoryBean,org.springframework.data.jpa.repository.config.JpaRepositoryConfigExtension; SearchStrategy: all) did not find any beans (OnBeanCondition)

   DataRepositoryMetricsAutoConfiguration matched:
      - @ConditionalOnClass found required class 'org.springframework.data.repository.Repository' (OnClassCondition)
      - @ConditionalOnBean (types: io.micrometer.core.instrument.MeterRegistry; SearchStrategy: all) found bean 'simpleMeterRegistry' (OnBeanCondition)

   DataRepositoryMetricsAutoConfiguration#metricsRepositoryMethodInvocationListener matched:
      - @ConditionalOnMissingBean (types: org.springframework.boot.data.metrics.MetricsRepositoryMethodInvocationListener; SearchStrategy: all) did not find any beans (OnBeanCondition)

   DataRepositoryMetricsAutoConfiguration#repositoryTagsProvider matched:
      - @ConditionalOnMissingBean (types: org.springframework.boot.data.metrics.RepositoryTagsProvider; SearchStrategy: all) did not find any beans (OnBeanCondition)

   DataSourceAutoConfiguration matched:
      - @ConditionalOnClass found required classes 'javax.sql.DataSource', 'org.springframework.jdbc.datasource.embedded.EmbeddedDatabaseType' (OnClassCondition)
      - @ConditionalOnMissingBean (types: io.r2dbc.spi.ConnectionFactory; SearchStrategy: all) did not find any beans (OnBeanCondition)

   DataSourceAutoConfiguration.PooledDataSourceConfiguration matched:
      - AnyNestedCondition 1 matched 1 did not; NestedCondition on DataSourceAutoConfiguration.PooledDataSourceCondition.PooledDataSourceAvailable PooledDataSource found supported DataSource; NestedCondition on DataSourceAutoConfiguration.PooledDataSourceCondition.ExplicitType @ConditionalOnProperty (spring.datasource.type) did not find property 'spring.datasource.type' (DataSourceAutoConfiguration.PooledDataSourceCondition)
      - @ConditionalOnMissingBean (types: javax.sql.DataSource,javax.sql.XADataSource; SearchStrategy: all) did not find any beans (OnBeanCondition)

   DataSourceAutoConfiguration.PooledDataSourceConfiguration#jdbcConnectionDetails matched:
      - @ConditionalOnMissingBean (types: org.springframework.boot.jdbc.autoconfigure.JdbcConnectionDetails; SearchStrategy: all) did not find any beans (OnBeanCondition)

   DataSourceConfiguration.Hikari matched:
      - @ConditionalOnClass found required class 'com.zaxxer.hikari.HikariDataSource' (OnClassCondition)
      - @ConditionalOnProperty (spring.datasource.type=com.zaxxer.hikari.HikariDataSource) matched (OnPropertyCondition)
      - @ConditionalOnMissingBean (types: javax.sql.DataSource; SearchStrategy: all) did not find any beans (OnBeanCondition)

   DataSourceHealthContributorAutoConfiguration matched:
      - @ConditionalOnClass found required classes 'org.springframework.jdbc.core.JdbcTemplate', 'org.springframework.jdbc.datasource.lookup.AbstractRoutingDataSource', 'org.springframework.boot.health.autoconfigure.contributor.ConditionalOnEnabledHealthIndicator' (OnClassCondition)
      - @ConditionalOnEnabledHealthIndicator management.health.defaults.enabled is considered true (OnEnabledHealthIndicatorCondition)
      - @ConditionalOnBean (types: javax.sql.DataSource; SearchStrategy: all) found bean 'dataSource' (OnBeanCondition)

   DataSourceHealthContributorAutoConfiguration#dbHealthContributor matched:
      - @ConditionalOnMissingBean (names: dbHealthIndicator,dbHealthContributor; SearchStrategy: all) did not find any beans (OnBeanCondition)

   DataSourceInitializationAutoConfiguration matched:
      - @ConditionalOnClass found required class 'org.springframework.jdbc.datasource.init.DatabasePopulator' (OnClassCondition)
      - SQL InitializationDatabase Initialization default value is EMBEDDED (OnSqlInitializationCondition)
      - @ConditionalOnSingleCandidate (types: javax.sql.DataSource; SearchStrategy: all) found a single bean 'dataSource'; @ConditionalOnMissingBean (types: org.springframework.boot.sql.autoconfigure.init.ApplicationScriptDatabaseInitializer; SearchStrategy: all) did not find any beans (OnBeanCondition)

   DataSourcePoolMetadataProvidersConfiguration.HikariPoolDataSourceMetadataProviderConfiguration matched:
      - @ConditionalOnClass found required class 'com.zaxxer.hikari.HikariDataSource' (OnClassCondition)

   DataSourcePoolMetricsAutoConfiguration matched:
      - @ConditionalOnClass found required classes 'javax.sql.DataSource', 'io.micrometer.core.instrument.MeterRegistry' (OnClassCondition)
      - @ConditionalOnBean (types: javax.sql.DataSource,io.micrometer.core.instrument.MeterRegistry; SearchStrategy: all) found beans 'simpleMeterRegistry', 'dataSource' (OnBeanCondition)

   DataSourcePoolMetricsAutoConfiguration.DataSourcePoolMetadataMetricsConfiguration matched:
      - @ConditionalOnBean (types: org.springframework.boot.jdbc.metadata.DataSourcePoolMetadataProvider; SearchStrategy: all) found bean 'hikariPoolDataSourceMetadataProvider' (OnBeanCondition)

   DataSourcePoolMetricsAutoConfiguration.HikariDataSourceMetricsConfiguration matched:
      - @ConditionalOnClass found required class 'com.zaxxer.hikari.HikariDataSource' (OnClassCondition)

   DataSourceTransactionManagerAutoConfiguration matched:
      - @ConditionalOnClass found required classes 'javax.sql.DataSource', 'org.springframework.jdbc.core.JdbcTemplate', 'org.springframework.transaction.TransactionManager' (OnClassCondition)

   DataSourceTransactionManagerAutoConfiguration.JdbcTransactionManagerConfiguration matched:
      - @ConditionalOnSingleCandidate (types: javax.sql.DataSource; SearchStrategy: all) found a single bean 'dataSource' (OnBeanCondition)

   DataWebAutoConfiguration matched:
      - @ConditionalOnClass found required classes 'org.springframework.data.web.PageableHandlerMethodArgumentResolver', 'org.springframework.web.servlet.config.annotation.WebMvcConfigurer' (OnClassCondition)
      - found 'session' scope (OnWebApplicationCondition)
      - @ConditionalOnMissingBean (types: org.springframework.data.web.PageableHandlerMethodArgumentResolver; SearchStrategy: all) did not find any beans (OnBeanCondition)

   DataWebAutoConfiguration#pageableCustomizer matched:
      - @ConditionalOnMissingBean (types: org.springframework.data.web.config.PageableHandlerMethodArgumentResolverCustomizer; SearchStrategy: all) did not find any beans (OnBeanCondition)

   DataWebAutoConfiguration#sortCustomizer matched:
      - @ConditionalOnMissingBean (types: org.springframework.data.web.config.SortHandlerMethodArgumentResolverCustomizer; SearchStrategy: all) did not find any beans (OnBeanCondition)

   DataWebAutoConfiguration#springDataWebSettings matched:
      - @ConditionalOnMissingBean (types: org.springframework.data.web.config.SpringDataWebSettings; SearchStrategy: all) did not find any beans (OnBeanCondition)

   DevToolsDataSourceAutoConfiguration matched:
      - @ConditionalOnClass found required class 'javax.sql.DataSource' (OnClassCondition)
      - Devtools devtools enabled. (OnEnabledDevToolsCondition)
      - DevTools DataSource Condition found auto-configured DataSource (DevToolsDataSourceAutoConfiguration.DevToolsDataSourceCondition)

   DevToolsDataSourceAutoConfiguration.DatabaseShutdownExecutorEntityManagerFactoryDependsOnConfiguration matched:
      - @ConditionalOnClass found required classes 'org.springframework.boot.jpa.autoconfigure.EntityManagerFactoryDependsOnPostProcessor', 'org.springframework.orm.jpa.LocalContainerEntityManagerFactoryBean' (OnClassCondition)
      - @ConditionalOnBean (types: org.springframework.orm.jpa.AbstractEntityManagerFactoryBean; SearchStrategy: all) found bean '&entityManagerFactory' (OnBeanCondition)

   DiskSpaceHealthContributorAutoConfiguration matched:
      - @ConditionalOnClass found required class 'org.springframework.boot.health.contributor.Health' (OnClassCondition)
      - @ConditionalOnEnabledHealthIndicator management.health.defaults.enabled is considered true (OnEnabledHealthIndicatorCondition)

   DiskSpaceHealthContributorAutoConfiguration#diskSpaceHealthIndicator matched:
      - @ConditionalOnMissingBean (names: diskSpaceHealthIndicator; SearchStrategy: all) did not find any beans (OnBeanCondition)

   DispatcherServletAutoConfiguration matched:
      - @ConditionalOnClass found required class 'org.springframework.web.servlet.DispatcherServlet' (OnClassCondition)
      - found 'session' scope (OnWebApplicationCondition)

   DispatcherServletAutoConfiguration.DispatcherServletConfiguration matched:
      - @ConditionalOnClass found required class 'jakarta.servlet.ServletRegistration' (OnClassCondition)
      - Default DispatcherServlet did not find dispatcher servlet beans (DispatcherServletAutoConfiguration.DefaultDispatcherServletCondition)

   DispatcherServletAutoConfiguration.DispatcherServletRegistrationConfiguration matched:
      - @ConditionalOnClass found required class 'jakarta.servlet.ServletRegistration' (OnClassCondition)
      - DispatcherServlet Registration did not find servlet registration bean (DispatcherServletAutoConfiguration.DispatcherServletRegistrationCondition)

   DispatcherServletAutoConfiguration.DispatcherServletRegistrationConfiguration#dispatcherServletRegistration matched:
      - @ConditionalOnBean (names: dispatcherServlet types: org.springframework.web.servlet.DispatcherServlet; SearchStrategy: all) found bean 'dispatcherServlet' (OnBeanCondition)

   EndpointAutoConfiguration#endpointCachingOperationInvokerAdvisor matched:
      - @ConditionalOnMissingBean (types: org.springframework.boot.actuate.endpoint.invoker.cache.CachingOperationInvokerAdvisor; SearchStrategy: all) did not find any beans (OnBeanCondition)

   EndpointAutoConfiguration#endpointOperationParameterMapper matched:
      - @ConditionalOnMissingBean (types: org.springframework.boot.actuate.endpoint.invoke.ParameterValueMapper; SearchStrategy: all) did not find any beans (OnBeanCondition)

   EndpointAutoConfiguration#propertiesEndpointAccessResolver matched:
      - @ConditionalOnMissingBean (types: org.springframework.boot.actuate.endpoint.EndpointAccessResolver; SearchStrategy: all) did not find any beans (OnBeanCondition)

   ErrorMvcAutoConfiguration matched:
      - @ConditionalOnClass found required classes 'jakarta.servlet.Servlet', 'org.springframework.web.servlet.DispatcherServlet' (OnClassCondition)
      - found 'session' scope (OnWebApplicationCondition)

   ErrorMvcAutoConfiguration#basicErrorController matched:
      - @ConditionalOnMissingBean (types: org.springframework.boot.webmvc.error.ErrorController; SearchStrategy: current) did not find any beans (OnBeanCondition)

   ErrorMvcAutoConfiguration#errorAttributes matched:
      - @ConditionalOnMissingBean (types: org.springframework.boot.webmvc.error.ErrorAttributes; SearchStrategy: current) did not find any beans (OnBeanCondition)

   ErrorMvcAutoConfiguration.DefaultErrorViewResolverConfiguration#conventionErrorViewResolver matched:
      - @ConditionalOnBean (types: org.springframework.web.servlet.DispatcherServlet; SearchStrategy: all) found bean 'dispatcherServlet'; @ConditionalOnMissingBean (types: org.springframework.boot.webmvc.autoconfigure.error.ErrorViewResolver; SearchStrategy: all) did not find any beans (OnBeanCondition)

   ErrorMvcAutoConfiguration.WhitelabelErrorViewConfiguration matched:
      - @ConditionalOnBooleanProperty (spring.web.error.whitelabel.enabled=true) matched (OnPropertyCondition)
      - ErrorTemplate Missing did not find error template view (ErrorMvcAutoConfiguration.ErrorTemplateMissingCondition)

   ErrorMvcAutoConfiguration.WhitelabelErrorViewConfiguration#beanNameViewResolver matched:
      - @ConditionalOnMissingBean (types: org.springframework.web.servlet.view.BeanNameViewResolver; SearchStrategy: all) did not find any beans (OnBeanCondition)

   ErrorMvcAutoConfiguration.WhitelabelErrorViewConfiguration#defaultErrorView matched:
      - @ConditionalOnMissingBean (names: error; SearchStrategy: all) did not find any beans (OnBeanCondition)

   HealthContributorAutoConfiguration#pingHealthContributor matched:
      - @ConditionalOnEnabledHealthIndicator management.health.defaults.enabled is considered true (OnEnabledHealthIndicatorCondition)

   HealthContributorRegistryAutoConfiguration#healthContributorRegistry matched:
      - @ConditionalOnMissingBean (types: org.springframework.boot.health.registry.HealthContributorRegistry; SearchStrategy: all) did not find any beans (OnBeanCondition)

   HealthEndpointAutoConfiguration matched:
      - @ConditionalOnClass found required class 'org.springframework.boot.actuate.endpoint.annotation.Endpoint' (OnClassCondition)
      - @ConditionalOnAvailableEndpoint marked as exposed by a 'management.endpoints.web.exposure' property (OnAvailableEndpointCondition)
      - @ConditionalOnBean (types: org.springframework.boot.health.registry.HealthContributorRegistry; SearchStrategy: all) found bean 'healthContributorRegistry' (OnBeanCondition)

   HealthEndpointConfiguration#healthEndpoint matched:
      - @ConditionalOnMissingBean (types: org.springframework.boot.health.actuate.endpoint.HealthEndpoint; SearchStrategy: all) did not find any beans (OnBeanCondition)

   HealthEndpointConfiguration#healthEndpointGroupMembershipValidator matched:
      - @ConditionalOnBooleanProperty (management.endpoint.health.validate-group-membership=true) matched (OnPropertyCondition)

   HealthEndpointConfiguration#healthEndpointGroups matched:
      - @ConditionalOnMissingBean (types: org.springframework.boot.health.actuate.endpoint.HealthEndpointGroups; SearchStrategy: all) did not find any beans (OnBeanCondition)

   HealthEndpointConfiguration#healthHttpCodeStatusMapper matched:
      - @ConditionalOnMissingBean (types: org.springframework.boot.health.actuate.endpoint.HttpCodeStatusMapper; SearchStrategy: all) did not find any beans (OnBeanCondition)

   HealthEndpointConfiguration#healthStatusAggregator matched:
      - @ConditionalOnMissingBean (types: org.springframework.boot.health.actuate.endpoint.StatusAggregator; SearchStrategy: all) did not find any beans (OnBeanCondition)

   HealthEndpointWebExtensionConfiguration matched:
      - found 'session' scope (OnWebApplicationCondition)
      - @ConditionalOnAvailableEndpoint marked as exposed by a 'management.endpoints.web.exposure' property (OnAvailableEndpointCondition)
      - @ConditionalOnBean (types: org.springframework.boot.health.actuate.endpoint.HealthEndpoint; SearchStrategy: all) found bean 'healthEndpoint' (OnBeanCondition)

   HealthEndpointWebExtensionConfiguration#healthEndpointWebExtension matched:
      - @ConditionalOnMissingBean (types: org.springframework.boot.health.actuate.endpoint.HealthEndpointWebExtension; SearchStrategy: all) did not find any beans (OnBeanCondition)

   HibernateJpaAutoConfiguration matched:
      - @ConditionalOnClass found required classes 'org.springframework.orm.jpa.LocalContainerEntityManagerFactoryBean', 'jakarta.persistence.EntityManager', 'org.hibernate.engine.spi.SessionImplementor' (OnClassCondition)

   HibernateJpaConfiguration matched:
      - @ConditionalOnSingleCandidate (types: javax.sql.DataSource; SearchStrategy: all) found a single bean 'dataSource' (OnBeanCondition)

   HttpEncodingAutoConfiguration matched:
      - @ConditionalOnClass found required class 'org.springframework.web.filter.CharacterEncodingFilter' (OnClassCondition)
      - found 'session' scope (OnWebApplicationCondition)
      - @ConditionalOnBooleanProperty (spring.servlet.encoding.enabled=true) matched (OnPropertyCondition)

   HttpEncodingAutoConfiguration#characterEncodingFilter matched:
      - @ConditionalOnMissingBean (types: org.springframework.web.filter.CharacterEncodingFilter; SearchStrategy: all) did not find any beans (OnBeanCondition)

   HttpMessageConvertersAutoConfiguration matched:
      - @ConditionalOnClass found required class 'org.springframework.http.converter.HttpMessageConverter' (OnClassCondition)
      - NoneNestedConditions 0 matched 1 did not; NestedCondition on HttpMessageConvertersAutoConfiguration.NotReactiveWebApplicationCondition.ReactiveWebApplication did not find reactive web application classes (HttpMessageConvertersAutoConfiguration.NotReactiveWebApplicationCondition)

   HttpMessageConvertersAutoConfiguration.StringHttpMessageConverterConfiguration#stringHttpMessageConvertersCustomizer matched:
      - @ConditionalOnMissingBean (types: org.springframework.http.converter.StringHttpMessageConverter; SearchStrategy: all) did not find any beans (OnBeanCondition)

   Jackson2EndpointAutoConfiguration matched:
      - @ConditionalOnClass found required classes 'com.fasterxml.jackson.databind.ObjectMapper', 'org.springframework.http.converter.json.Jackson2ObjectMapperBuilder' (OnClassCondition)

   Jackson2EndpointAutoConfiguration#jackson2EndpointJsonMapper matched:
      - @ConditionalOnBooleanProperty (management.endpoints.jackson2.isolated-object-mapper=true) matched (OnPropertyCondition)

   JacksonAutoConfiguration matched:
      - @ConditionalOnClass found required class 'tools.jackson.databind.json.JsonMapper' (OnClassCondition)

   JacksonAutoConfiguration#jacksonJsonMapper matched:
      - @ConditionalOnMissingBean (types: tools.jackson.databind.json.JsonMapper; SearchStrategy: all) did not find any beans (OnBeanCondition)

   JacksonAutoConfiguration#jsonMapperBuilder matched:
      - @ConditionalOnMissingBean (types: tools.jackson.databind.json.JsonMapper$Builder; SearchStrategy: all) did not find any beans (OnBeanCondition)

   JacksonAutoConfiguration.JsonProblemDetailsConfiguration matched:
      - @ConditionalOnClass found required class 'org.springframework.http.ProblemDetail' (OnClassCondition)

   JacksonEndpointAutoConfiguration matched:
      - @ConditionalOnClass found required class 'tools.jackson.databind.json.JsonMapper' (OnClassCondition)

   JacksonEndpointAutoConfiguration#endpointJsonMapper matched:
      - @ConditionalOnBooleanProperty (management.endpoints.jackson.isolated-json-mapper=true) matched (OnPropertyCondition)

   JacksonHttpMessageConvertersConfiguration.JacksonJsonHttpMessageConverterConfiguration matched:
      - @ConditionalOnClass found required class 'tools.jackson.databind.json.JsonMapper' (OnClassCondition)
      - @ConditionalOnProperty (spring.http.converters.preferred-json-mapper=jackson) matched (OnPropertyCondition)
      - @ConditionalOnBean (types: tools.jackson.databind.json.JsonMapper; SearchStrategy: all) found bean 'jacksonJsonMapper' (OnBeanCondition)

   JacksonHttpMessageConvertersConfiguration.JacksonJsonHttpMessageConverterConfiguration#jacksonJsonHttpMessageConvertersCustomizer matched:
      - @ConditionalOnMissingBean (types: org.springframework.http.converter.json.JacksonJsonHttpMessageConverter ignored: org.springframework.hateoas.server.mvc.TypeConstrainedJacksonJsonHttpMessageConverter,org.springframework.data.rest.webmvc.alps.AlpsJacksonJsonHttpMessageConverter; SearchStrategy: all) did not find any beans (OnBeanCondition)

   JdbcClientAutoConfiguration matched:
      - @ConditionalOnSingleCandidate (types: org.springframework.jdbc.core.namedparam.NamedParameterJdbcTemplate; SearchStrategy: all) found a single bean 'namedParameterJdbcTemplate'; @ConditionalOnMissingBean (types: org.springframework.jdbc.core.simple.JdbcClient; SearchStrategy: all) did not find any beans (OnBeanCondition)

   JdbcTemplateAutoConfiguration matched:
      - @ConditionalOnClass found required classes 'javax.sql.DataSource', 'org.springframework.jdbc.core.JdbcTemplate' (OnClassCondition)
      - @ConditionalOnSingleCandidate (types: javax.sql.DataSource; SearchStrategy: all) found a single bean 'dataSource' (OnBeanCondition)

   JdbcTemplateConfiguration matched:
      - @ConditionalOnMissingBean (types: org.springframework.jdbc.core.JdbcOperations; SearchStrategy: all) did not find any beans (OnBeanCondition)

   JpaBaseConfiguration#entityManagerFactory matched:
      - @ConditionalOnMissingBean (types: org.springframework.orm.jpa.LocalContainerEntityManagerFactoryBean,jakarta.persistence.EntityManagerFactory; SearchStrategy: all) did not find any beans (OnBeanCondition)

   JpaBaseConfiguration#entityManagerFactoryBuilder matched:
      - @ConditionalOnMissingBean (types: org.springframework.boot.jpa.EntityManagerFactoryBuilder; SearchStrategy: all) did not find any beans (OnBeanCondition)

   JpaBaseConfiguration#jpaVendorAdapter matched:
      - @ConditionalOnMissingBean (types: org.springframework.orm.jpa.JpaVendorAdapter; SearchStrategy: all) did not find any beans (OnBeanCondition)

   JpaBaseConfiguration#transactionManager matched:
      - @ConditionalOnMissingBean (types: org.springframework.transaction.TransactionManager; SearchStrategy: all) did not find any beans (OnBeanCondition)

   JpaBaseConfiguration.PersistenceManagedTypesConfiguration matched:
      - @ConditionalOnMissingBean (types: org.springframework.orm.jpa.LocalContainerEntityManagerFactoryBean,jakarta.persistence.EntityManagerFactory; SearchStrategy: all) did not find any beans (OnBeanCondition)

   JpaBaseConfiguration.PersistenceManagedTypesConfiguration#persistenceManagedTypes matched:
      - @ConditionalOnMissingBean (types: org.springframework.orm.jpa.persistenceunit.PersistenceManagedTypes; SearchStrategy: all) did not find any beans (OnBeanCondition)

   JtaAutoConfiguration matched:
      - @ConditionalOnClass found required class 'jakarta.transaction.Transaction' (OnClassCondition)
      - @ConditionalOnBooleanProperty (spring.jta.enabled=true) matched (OnPropertyCondition)

   JvmMetricsAutoConfiguration matched:
      - @ConditionalOnClass found required class 'io.micrometer.core.instrument.MeterRegistry' (OnClassCondition)
      - @ConditionalOnBean (types: io.micrometer.core.instrument.MeterRegistry; SearchStrategy: all) found bean 'simpleMeterRegistry' (OnBeanCondition)

   JvmMetricsAutoConfiguration#classLoaderMetrics matched:
      - @ConditionalOnMissingBean (types: io.micrometer.core.instrument.binder.jvm.ClassLoaderMetrics; SearchStrategy: all) did not find any beans (OnBeanCondition)

   JvmMetricsAutoConfiguration#jvmCompilationMetrics matched:
      - @ConditionalOnMissingBean (types: io.micrometer.core.instrument.binder.jvm.JvmCompilationMetrics; SearchStrategy: all) did not find any beans (OnBeanCondition)

   JvmMetricsAutoConfiguration#jvmGcMetrics matched:
      - @ConditionalOnMissingBean (types: io.micrometer.core.instrument.binder.jvm.JvmGcMetrics; SearchStrategy: all) did not find any beans (OnBeanCondition)

   JvmMetricsAutoConfiguration#jvmHeapPressureMetrics matched:
      - @ConditionalOnMissingBean (types: io.micrometer.core.instrument.binder.jvm.JvmHeapPressureMetrics; SearchStrategy: all) did not find any beans (OnBeanCondition)

   JvmMetricsAutoConfiguration#jvmInfoMetrics matched:
      - @ConditionalOnMissingBean (types: io.micrometer.core.instrument.binder.jvm.JvmInfoMetrics; SearchStrategy: all) did not find any beans (OnBeanCondition)

   JvmMetricsAutoConfiguration#jvmMemoryMetrics matched:
      - @ConditionalOnMissingBean (types: io.micrometer.core.instrument.binder.jvm.JvmMemoryMetrics; SearchStrategy: all) did not find any beans (OnBeanCondition)

   JvmMetricsAutoConfiguration#jvmThreadMetrics matched:
      - @ConditionalOnMissingBean (types: io.micrometer.core.instrument.binder.jvm.JvmThreadMetrics; SearchStrategy: all) did not find any beans (OnBeanCondition)

   LifecycleAutoConfiguration#defaultLifecycleProcessor matched:
      - @ConditionalOnMissingBean (names: lifecycleProcessor; SearchStrategy: current) did not find any beans (OnBeanCondition)

   LocalDevToolsAutoConfiguration matched:
      - Initialized Restarter Condition available and initialized (OnInitializedRestarterCondition)

   LogbackMetricsAutoConfiguration matched:
      - @ConditionalOnClass found required classes 'io.micrometer.core.instrument.MeterRegistry', 'ch.qos.logback.classic.LoggerContext', 'org.slf4j.LoggerFactory' (OnClassCondition)
      - LogbackLoggingCondition ILoggerFactory is a Logback LoggerContext (LogbackMetricsAutoConfiguration.LogbackLoggingCondition)
      - @ConditionalOnBean (types: io.micrometer.core.instrument.MeterRegistry; SearchStrategy: all) found bean 'simpleMeterRegistry' (OnBeanCondition)

   LogbackMetricsAutoConfiguration#logbackMetrics matched:
      - @ConditionalOnMissingBean (types: io.micrometer.core.instrument.binder.logging.LogbackMetrics; SearchStrategy: all) did not find any beans (OnBeanCondition)

   ManagementContextAutoConfiguration.SameManagementContextConfiguration matched:
      - Management Port actual port type (SAME) matched required type (OnManagementPortCondition)

   MetricsAutoConfiguration matched:
      - @ConditionalOnClass found required class 'io.micrometer.core.annotation.Timed' (OnClassCondition)

   MetricsAutoConfiguration#micrometerClock matched:
      - @ConditionalOnMissingBean (types: io.micrometer.core.instrument.Clock; SearchStrategy: all) did not find any beans (OnBeanCondition)

   MultipartAutoConfiguration matched:
      - @ConditionalOnClass found required classes 'jakarta.servlet.Servlet', 'org.springframework.web.multipart.support.StandardServletMultipartResolver', 'jakarta.servlet.MultipartConfigElement' (OnClassCondition)
      - found 'session' scope (OnWebApplicationCondition)
      - @ConditionalOnBooleanProperty (spring.servlet.multipart.enabled=true) matched (OnPropertyCondition)

   MultipartAutoConfiguration#multipartConfigElement matched:
      - @ConditionalOnMissingBean (types: jakarta.servlet.MultipartConfigElement; SearchStrategy: all) did not find any beans (OnBeanCondition)

   MultipartAutoConfiguration#multipartResolver matched:
      - @ConditionalOnMissingBean (types: org.springframework.web.multipart.MultipartResolver; SearchStrategy: all) did not find any beans (OnBeanCondition)

   NamedParameterJdbcTemplateConfiguration matched:
      - @ConditionalOnSingleCandidate (types: org.springframework.jdbc.core.JdbcTemplate; SearchStrategy: all) found a single bean 'jdbcTemplate'; @ConditionalOnMissingBean (types: org.springframework.jdbc.core.namedparam.NamedParameterJdbcOperations; SearchStrategy: all) did not find any beans (OnBeanCondition)

   ObservationAutoConfiguration matched:
      - @ConditionalOnClass found required class 'io.micrometer.observation.ObservationRegistry' (OnClassCondition)

   ObservationAutoConfiguration#observationRegistry matched:
      - @ConditionalOnMissingBean (types: io.micrometer.observation.ObservationRegistry; SearchStrategy: all) did not find any beans (OnBeanCondition)

   ObservationAutoConfiguration#spelValueExpressionResolver matched:
      - @ConditionalOnMissingBean (types: io.micrometer.common.annotation.ValueExpressionResolver; SearchStrategy: all) did not find any beans (OnBeanCondition)

   PersistenceExceptionTranslationAutoConfiguration matched:
      - @ConditionalOnClass found required class 'org.springframework.dao.annotation.PersistenceExceptionTranslationPostProcessor' (OnClassCondition)

   PersistenceExceptionTranslationAutoConfiguration#persistenceExceptionTranslationPostProcessor matched:
      - @ConditionalOnBooleanProperty (spring.persistence.exceptiontranslation.enabled=true) matched (OnPropertyCondition)
      - @ConditionalOnMissingBean (types: org.springframework.dao.annotation.PersistenceExceptionTranslationPostProcessor; SearchStrategy: all) did not find any beans (OnBeanCondition)

   PropertyPlaceholderAutoConfiguration#propertySourcesPlaceholderConfigurer matched:
      - @ConditionalOnMissingBean (types: org.springframework.context.support.PropertySourcesPlaceholderConfigurer; SearchStrategy: current) did not find any beans (OnBeanCondition)

   ScheduledTasksObservationAutoConfiguration matched:
      - @ConditionalOnClass found required class 'org.springframework.scheduling.concurrent.ThreadPoolTaskScheduler' (OnClassCondition)
      - @ConditionalOnBean (types: io.micrometer.observation.ObservationRegistry; SearchStrategy: all) found bean 'observationRegistry' (OnBeanCondition)

   ServletEndpointManagementContextConfiguration matched:
      - found 'session' scope (OnWebApplicationCondition)

   ServletManagementContextAutoConfiguration matched:
      - @ConditionalOnClass found required classes 'jakarta.servlet.Servlet', 'org.springframework.boot.actuate.autoconfigure.endpoint.web.WebEndpointProperties' (OnClassCondition)
      - found 'session' scope (OnWebApplicationCondition)

   SimpleMetricsExportAutoConfiguration matched:
      - @ConditionalOnEnabledMetricsExport management.defaults.metrics.export.enabled is considered true (OnMetricsExportEnabledCondition)
      - @ConditionalOnBean (types: io.micrometer.core.instrument.Clock; SearchStrategy: all) found bean 'micrometerClock'; @ConditionalOnMissingBean (types: io.micrometer.core.instrument.MeterRegistry; SearchStrategy: all) did not find any beans (OnBeanCondition)

   SimpleMetricsExportAutoConfiguration#simpleConfig matched:
      - @ConditionalOnMissingBean (types: io.micrometer.core.instrument.simple.SimpleConfig; SearchStrategy: all) did not find any beans (OnBeanCondition)

   SpringDocConfigProperties matched:
      - @ConditionalOnProperty (springdoc.api-docs.enabled) matched (OnPropertyCondition)
      - @ConditionalOnBean (types: org.springdoc.core.configuration.SpringDocConfiguration; SearchStrategy: all) found bean 'org.springdoc.core.configuration.SpringDocConfiguration' (OnBeanCondition)

   SpringDocConfiguration matched:
      - @ConditionalOnWebApplication (required) found 'session' scope (OnWebApplicationCondition)
      - @ConditionalOnProperty (springdoc.api-docs.enabled) matched (OnPropertyCondition)

   SpringDocConfiguration#fileSupportConverter matched:
      - @ConditionalOnMissingBean (types: org.springdoc.core.converters.FileSupportConverter; SearchStrategy: all) did not find any beans (OnBeanCondition)

   SpringDocConfiguration#globalOpenApiCustomizer matched:
      - @ConditionalOnMissingBean (names: globalOpenApiCustomizer; SearchStrategy: all) did not find any beans (OnBeanCondition)

   SpringDocConfiguration#initExtraSchemas matched:
      - @ConditionalOnProperty (springdoc.enable-extra-schemas) matched (OnPropertyCondition)

   SpringDocConfiguration#openAPIBuilder matched:
      - @ConditionalOnMissingBean (types: org.springdoc.core.service.OpenAPIService; SearchStrategy: all) did not find any beans (OnBeanCondition)

   SpringDocConfiguration#operationBuilder matched:
      - @ConditionalOnMissingBean (types: org.springdoc.core.service.OperationService; SearchStrategy: all) did not find any beans (OnBeanCondition)

   SpringDocConfiguration#parameterBuilder matched:
      - @ConditionalOnMissingBean (types: org.springdoc.core.service.GenericParameterService; SearchStrategy: all) did not find any beans (OnBeanCondition)

   SpringDocConfiguration#parameterObjectNamingStrategyCustomizer matched:
      - @ConditionalOnMissingBean (types: org.springdoc.core.customizers.ParameterObjectNamingStrategyCustomizer; SearchStrategy: all) did not find any beans (OnBeanCondition)

   SpringDocConfiguration#polymorphicModelConverter matched:
      - @ConditionalOnProperty (springdoc.model-converters.polymorphic-converter.enabled) matched (OnPropertyCondition)
      - @ConditionalOnMissingBean (types: org.springdoc.core.converters.PolymorphicModelConverter; SearchStrategy: all) did not find any beans (OnBeanCondition)

   SpringDocConfiguration#requestBodyBuilder matched:
      - @ConditionalOnMissingBean (types: org.springdoc.core.service.RequestBodyService; SearchStrategy: all) did not find any beans (OnBeanCondition)

   SpringDocConfiguration#responseSupportConverter matched:
      - @ConditionalOnMissingBean (types: org.springdoc.core.converters.ResponseSupportConverter; SearchStrategy: all) did not find any beans (OnBeanCondition)

   SpringDocConfiguration#schemaPropertyDeprecatingConverter matched:
      - @ConditionalOnProperty (springdoc.model-converters.deprecating-converter.enabled) matched (OnPropertyCondition)
      - @ConditionalOnMissingBean (types: org.springdoc.core.converters.SchemaPropertyDeprecatingConverter; SearchStrategy: all) did not find any beans (OnBeanCondition)

   SpringDocConfiguration#securityParser matched:
      - @ConditionalOnMissingBean (types: org.springdoc.core.service.SecurityService; SearchStrategy: all) did not find any beans (OnBeanCondition)

   SpringDocConfiguration#springDocCustomizers matched:
      - @ConditionalOnMissingBean (types: org.springdoc.core.customizers.SpringDocCustomizers; SearchStrategy: all) did not find any beans (OnBeanCondition)

   SpringDocConfiguration#springDocProviders matched:
      - @ConditionalOnMissingBean (types: org.springdoc.core.providers.SpringDocProviders; SearchStrategy: all) did not find any beans (OnBeanCondition)

   SpringDocConfiguration#springdocObjectMapperProvider matched:
      - @ConditionalOnMissingBean (types: org.springdoc.core.providers.ObjectMapperProvider; SearchStrategy: all) did not find any beans (OnBeanCondition)

   SpringDocConfiguration.QuerydslProvider matched:
      - @ConditionalOnClass found required class 'org.springframework.data.querydsl.binding.QuerydslBindingsFactory' (OnClassCondition)

   SpringDocConfiguration.QuerydslProvider#queryDslQuerydslPredicateOperationCustomizer matched:
      - @ConditionalOnMissingBean (types: org.springdoc.core.customizers.QuerydslPredicateOperationCustomizer; SearchStrategy: all) did not find any beans (OnBeanCondition)

   SpringDocConfiguration.WebConversionServiceConfiguration matched:
      - @ConditionalOnClass found required class 'org.springframework.boot.autoconfigure.web.format.WebConversionService' (OnClassCondition)

   SpringDocPageableConfiguration matched:
      - @ConditionalOnClass found required class 'org.springframework.data.domain.Pageable' (OnClassCondition)
      - @ConditionalOnWebApplication (required) found 'session' scope (OnWebApplicationCondition)
      - @ConditionalOnProperty (springdoc.api-docs.enabled) matched (OnPropertyCondition)
      - @ConditionalOnBean (types: org.springdoc.core.configuration.SpringDocConfiguration; SearchStrategy: all) found bean 'org.springdoc.core.configuration.SpringDocConfiguration' (OnBeanCondition)

   SpringDocPageableConfiguration#dataRestDelegatingMethodParameterCustomizer matched:
      - @ConditionalOnMissingBean (types: org.springdoc.core.customizers.DataRestDelegatingMethodParameterCustomizer; SearchStrategy: all) did not find any beans (OnBeanCondition)

   SpringDocPageableConfiguration#pageOpenAPIConverter matched:
      - @ConditionalOnClass found required classes 'org.springframework.data.web.PagedModel', 'org.springframework.data.web.config.SpringDataWebSettings' (OnClassCondition)
      - @ConditionalOnMissingBean (types: org.springdoc.core.converters.PageOpenAPIConverter; SearchStrategy: all) did not find any beans (OnBeanCondition)

   SpringDocPageableConfiguration#pageableOpenAPIConverter matched:
      - @ConditionalOnProperty (springdoc.model-converters.pageable-converter.enabled) matched (OnPropertyCondition)
      - @ConditionalOnMissingBean (types: org.springdoc.core.converters.PageableOpenAPIConverter; SearchStrategy: all) did not find any beans (OnBeanCondition)

   SpringDocSortConfiguration matched:
      - @ConditionalOnClass found required class 'org.springframework.data.domain.Sort' (OnClassCondition)
      - @ConditionalOnWebApplication (required) found 'session' scope (OnWebApplicationCondition)
      - @ConditionalOnProperty (springdoc.api-docs.enabled) matched (OnPropertyCondition)
      - @ConditionalOnBean (types: org.springdoc.core.configuration.SpringDocConfiguration; SearchStrategy: all) found bean 'org.springdoc.core.configuration.SpringDocConfiguration' (OnBeanCondition)

   SpringDocSortConfiguration#sortOpenAPIConverter matched:
      - @ConditionalOnProperty (springdoc.sort-converter.enabled) matched (OnPropertyCondition)
      - @ConditionalOnMissingBean (types: org.springdoc.core.converters.SortOpenAPIConverter; SearchStrategy: all) did not find any beans (OnBeanCondition)

   SpringDocWebMvcConfiguration matched:
      - found 'session' scope (OnWebApplicationCondition)
      - @ConditionalOnProperty (springdoc.api-docs.enabled) matched (OnPropertyCondition)
      - @ConditionalOnBean (types: org.springdoc.core.configuration.SpringDocConfiguration; SearchStrategy: all) found bean 'org.springdoc.core.configuration.SpringDocConfiguration' (OnBeanCondition)

   SpringDocWebMvcConfiguration#openApiResource matched:
      - @ConditionalOnExpression (#{(${springdoc.use-management-port:false} == false ) and ${springdoc.enable-default-api-docs:true}}) resulted in true (OnExpressionCondition)
      - @ConditionalOnMissingBean (types: org.springdoc.webmvc.api.OpenApiWebMvcResource; SearchStrategy: all) did not find any beans (OnBeanCondition)

   SpringDocWebMvcConfiguration#requestBuilder matched:
      - @ConditionalOnMissingBean (types: org.springdoc.webmvc.core.service.RequestService; SearchStrategy: all) did not find any beans (OnBeanCondition)

   SpringDocWebMvcConfiguration#responseBuilder matched:
      - @ConditionalOnMissingBean (types: org.springdoc.core.service.GenericResponseService; SearchStrategy: all) did not find any beans (OnBeanCondition)

   SpringDocWebMvcConfiguration#springWebProvider matched:
      - @ConditionalOnMissingBean (types: org.springdoc.core.providers.SpringWebProvider; SearchStrategy: all) did not find any beans (OnBeanCondition)

   SpringDocWebMvcConfiguration.SpringDocWebMvcRouterConfiguration matched:
      - @ConditionalOnClass found required class 'org.springframework.web.servlet.function.RouterFunction' (OnClassCondition)

   SpringDocWebMvcConfiguration.SpringDocWebMvcRouterConfiguration#routerFunctionProvider matched:
      - @ConditionalOnMissingBean (types: org.springdoc.webmvc.core.providers.RouterFunctionWebMvcProvider; SearchStrategy: all) did not find any beans (OnBeanCondition)

   SslAutoConfiguration#sslBundleRegistry matched:
      - @ConditionalOnMissingBean (types: org.springframework.boot.ssl.SslBundleRegistry,org.springframework.boot.ssl.SslBundles; SearchStrategy: all) did not find any beans (OnBeanCondition)

   SslHealthContributorAutoConfiguration matched:
      - @ConditionalOnClass found required class 'org.springframework.boot.health.contributor.Health' (OnClassCondition)
      - @ConditionalOnEnabledHealthIndicator management.health.defaults.enabled is considered true (OnEnabledHealthIndicatorCondition)

   SslHealthContributorAutoConfiguration#sslHealthIndicator matched:
      - @ConditionalOnMissingBean (names: sslHealthIndicator; SearchStrategy: all) did not find any beans (OnBeanCondition)

   SslHealthContributorAutoConfiguration#sslInfo matched:
      - @ConditionalOnMissingBean (types: org.springframework.boot.info.SslInfo; SearchStrategy: all) did not find any beans (OnBeanCondition)

   SslMetricsAutoConfiguration matched:
      - @ConditionalOnClass found required class 'io.micrometer.core.instrument.MeterRegistry' (OnClassCondition)
      - @ConditionalOnBean (types: io.micrometer.core.instrument.MeterRegistry,org.springframework.boot.ssl.SslBundles; SearchStrategy: all) found beans 'sslBundleRegistry', 'simpleMeterRegistry' (OnBeanCondition)

   StartupTimeMetricsListenerAutoConfiguration matched:
      - @ConditionalOnClass found required class 'io.micrometer.core.instrument.MeterRegistry' (OnClassCondition)
      - @ConditionalOnBean (types: io.micrometer.core.instrument.MeterRegistry; SearchStrategy: all) found bean 'simpleMeterRegistry' (OnBeanCondition)

   StartupTimeMetricsListenerAutoConfiguration#startupTimeMetrics matched:
      - @ConditionalOnMissingBean (types: org.springframework.boot.micrometer.metrics.startup.StartupTimeMetricsListener; SearchStrategy: all) did not find any beans (OnBeanCondition)

   SwaggerConfig matched:
      - found 'session' scope (OnWebApplicationCondition)
      - @ConditionalOnProperty (springdoc.swagger-ui.enabled) matched (OnPropertyCondition)
      - @ConditionalOnBean (types: org.springdoc.core.configuration.SpringDocConfiguration; SearchStrategy: all) found bean 'org.springdoc.core.configuration.SpringDocConfiguration' (OnBeanCondition)

   SwaggerConfig#indexPageTransformer matched:
      - @ConditionalOnMissingBean (types: org.springdoc.webmvc.ui.SwaggerIndexTransformer; SearchStrategy: all) did not find any beans (OnBeanCondition)

   SwaggerConfig#swaggerConfigResource matched:
      - @ConditionalOnProperty (springdoc.use-management-port=false) matched (OnPropertyCondition)
      - @ConditionalOnMissingBean (types: org.springdoc.webmvc.ui.SwaggerConfigResource; SearchStrategy: all) did not find any beans (OnBeanCondition)

   SwaggerConfig#swaggerResourceResolver matched:
      - @ConditionalOnMissingBean (types: org.springdoc.webmvc.ui.SwaggerResourceResolver; SearchStrategy: all) did not find any beans (OnBeanCondition)

   SwaggerConfig#swaggerWebMvcConfigurer matched:
      - @ConditionalOnMissingBean (types: org.springdoc.webmvc.ui.SwaggerWebMvcConfigurer; SearchStrategy: all) did not find any beans (OnBeanCondition)

   SwaggerConfig#swaggerWelcome matched:
      - @ConditionalOnProperty (springdoc.use-management-port=false) matched (OnPropertyCondition)
      - @ConditionalOnMissingBean (types: org.springdoc.webmvc.ui.SwaggerWelcomeWebMvc; SearchStrategy: all) did not find any beans (OnBeanCondition)

   SwaggerUiConfigProperties matched:
      - @ConditionalOnProperty (springdoc.swagger-ui.enabled) matched (OnPropertyCondition)
      - @ConditionalOnBean (types: org.springdoc.core.configuration.SpringDocConfiguration; SearchStrategy: all) found bean 'org.springdoc.core.configuration.SpringDocConfiguration' (OnBeanCondition)

   SwaggerUiOAuthProperties matched:
      - @ConditionalOnProperty (springdoc.swagger-ui.enabled) matched (OnPropertyCondition)
      - @ConditionalOnBean (types: org.springdoc.core.configuration.SpringDocConfiguration; SearchStrategy: all) found bean 'org.springdoc.core.configuration.SpringDocConfiguration' (OnBeanCondition)

   SystemMetricsAutoConfiguration matched:
      - @ConditionalOnClass found required class 'io.micrometer.core.instrument.MeterRegistry' (OnClassCondition)
      - @ConditionalOnBean (types: io.micrometer.core.instrument.MeterRegistry; SearchStrategy: all) found bean 'simpleMeterRegistry' (OnBeanCondition)

   SystemMetricsAutoConfiguration#diskSpaceMetrics matched:
      - @ConditionalOnMissingBean (types: org.springframework.boot.micrometer.metrics.system.DiskSpaceMetricsBinder; SearchStrategy: all) did not find any beans (OnBeanCondition)

   SystemMetricsAutoConfiguration#fileDescriptorMetrics matched:
      - @ConditionalOnMissingBean (types: io.micrometer.core.instrument.binder.system.FileDescriptorMetrics; SearchStrategy: all) did not find any beans (OnBeanCondition)

   SystemMetricsAutoConfiguration#processorMetrics matched:
      - @ConditionalOnMissingBean (types: io.micrometer.core.instrument.binder.system.ProcessorMetrics; SearchStrategy: all) did not find any beans (OnBeanCondition)

   SystemMetricsAutoConfiguration#uptimeMetrics matched:
      - @ConditionalOnMissingBean (types: io.micrometer.core.instrument.binder.system.UptimeMetrics; SearchStrategy: all) did not find any beans (OnBeanCondition)

   TaskExecutionAutoConfiguration matched:
      - @ConditionalOnClass found required class 'org.springframework.scheduling.concurrent.ThreadPoolTaskExecutor' (OnClassCondition)

   TaskExecutorConfigurations.AsyncConfigurerConfiguration matched:
      - @ConditionalOnMissingBean (types: org.springframework.scheduling.annotation.AsyncConfigurer; SearchStrategy: all) did not find any beans (OnBeanCondition)

   TaskExecutorConfigurations.SimpleAsyncTaskExecutorBuilderConfiguration#simpleAsyncTaskExecutorBuilder matched:
      - @ConditionalOnMissingBean (types: org.springframework.boot.task.SimpleAsyncTaskExecutorBuilder; SearchStrategy: all) did not find any beans (OnBeanCondition)
      - @ConditionalOnThreading found PLATFORM (OnThreadingCondition)

   TaskExecutorConfigurations.TaskExecutorConfiguration matched:
      - AnyNestedCondition 1 matched 1 did not; NestedCondition on TaskExecutorConfigurations.OnExecutorCondition.ModelCondition @ConditionalOnProperty (spring.task.execution.mode=force) did not find property 'spring.task.execution.mode'; NestedCondition on TaskExecutorConfigurations.OnExecutorCondition.ExecutorBeanCondition @ConditionalOnMissingBean (types: java.util.concurrent.Executor; SearchStrategy: all) did not find any beans (TaskExecutorConfigurations.OnExecutorCondition)

   TaskExecutorConfigurations.TaskExecutorConfiguration#applicationTaskExecutor matched:
      - @ConditionalOnThreading found PLATFORM (OnThreadingCondition)

   TaskExecutorConfigurations.ThreadPoolTaskExecutorBuilderConfiguration#threadPoolTaskExecutorBuilder matched:
      - @ConditionalOnMissingBean (types: org.springframework.boot.task.ThreadPoolTaskExecutorBuilder; SearchStrategy: all) did not find any beans (OnBeanCondition)

   TaskExecutorMetricsAutoConfiguration matched:
      - @ConditionalOnClass found required class 'io.micrometer.core.instrument.binder.jvm.ExecutorServiceMetrics' (OnClassCondition)
      - @ConditionalOnBean (types: java.util.concurrent.Executor,io.micrometer.core.instrument.MeterRegistry; SearchStrategy: all) found beans 'applicationTaskExecutor', 'simpleMeterRegistry' (OnBeanCondition)

   TaskSchedulingAutoConfiguration matched:
      - @ConditionalOnClass found required class 'org.springframework.scheduling.concurrent.ThreadPoolTaskScheduler' (OnClassCondition)

   TaskSchedulingConfigurations.SimpleAsyncTaskSchedulerBuilderConfiguration#simpleAsyncTaskSchedulerBuilder matched:
      - @ConditionalOnMissingBean (types: org.springframework.boot.task.SimpleAsyncTaskSchedulerBuilder; SearchStrategy: all) did not find any beans (OnBeanCondition)
      - @ConditionalOnThreading found PLATFORM (OnThreadingCondition)

   TaskSchedulingConfigurations.ThreadPoolTaskSchedulerBuilderConfiguration#threadPoolTaskSchedulerBuilder matched:
      - @ConditionalOnMissingBean (types: org.springframework.boot.task.ThreadPoolTaskSchedulerBuilder; SearchStrategy: all) did not find any beans (OnBeanCondition)

   TomcatMetricsAutoConfiguration matched:
      - @ConditionalOnClass found required classes 'io.micrometer.core.instrument.binder.tomcat.TomcatMetrics', 'org.apache.catalina.Manager', 'io.micrometer.core.instrument.MeterRegistry' (OnClassCondition)
      - @ConditionalOnWebApplication (required) found 'session' scope (OnWebApplicationCondition)

   TomcatMetricsAutoConfiguration#tomcatMetricsBinder matched:
      - @ConditionalOnBean (types: io.micrometer.core.instrument.MeterRegistry; SearchStrategy: all) found bean 'simpleMeterRegistry'; @ConditionalOnMissingBean (types: io.micrometer.core.instrument.binder.tomcat.TomcatMetrics,org.springframework.boot.tomcat.metrics.TomcatMetricsBinder; SearchStrategy: all) did not find any beans (OnBeanCondition)

   TomcatServletWebServerAutoConfiguration matched:
      - @ConditionalOnClass found required classes 'jakarta.servlet.ServletRequest', 'org.apache.catalina.startup.Tomcat', 'org.apache.coyote.UpgradeProtocol', 'org.springframework.boot.tomcat.servlet.TomcatServletWebServerFactory' (OnClassCondition)
      - found 'session' scope (OnWebApplicationCondition)

   TomcatServletWebServerAutoConfiguration#tomcatServletWebServerFactory matched:
      - @ConditionalOnMissingBean (types: org.springframework.boot.web.server.servlet.ServletWebServerFactory; SearchStrategy: current) did not find any beans (OnBeanCondition)

   TomcatWebServerConfiguration matched:
      - @ConditionalOnWarDeployment the application is not deployed as a WAR file. (OnWarDeploymentCondition)

   TomcatWebServerConfiguration.TomcatWebSocketConfiguration matched:
      - @ConditionalOnClass found required class 'org.apache.tomcat.websocket.server.WsSci' (OnClassCondition)

   TransactionAutoConfiguration matched:
      - @ConditionalOnClass found required class 'org.springframework.transaction.PlatformTransactionManager' (OnClassCondition)

   TransactionAutoConfiguration.EnableTransactionManagementConfiguration matched:
      - @ConditionalOnBean (types: org.springframework.transaction.TransactionManager; SearchStrategy: all) found bean 'transactionManager'; @ConditionalOnMissingBean (types: org.springframework.transaction.annotation.AbstractTransactionManagementConfiguration; SearchStrategy: all) did not find any beans (OnBeanCondition)

   TransactionAutoConfiguration.EnableTransactionManagementConfiguration.CglibAutoProxyConfiguration matched:
      - @ConditionalOnBooleanProperty (spring.aop.proxy-target-class=true) matched (OnPropertyCondition)

   TransactionAutoConfiguration.TransactionTemplateConfiguration matched:
      - @ConditionalOnSingleCandidate (types: org.springframework.transaction.PlatformTransactionManager; SearchStrategy: all) found a single bean 'transactionManager' (OnBeanCondition)

   TransactionAutoConfiguration.TransactionTemplateConfiguration#transactionTemplate matched:
      - @ConditionalOnMissingBean (types: org.springframework.transaction.support.TransactionOperations; SearchStrategy: all) did not find any beans (OnBeanCondition)

   TransactionManagerCustomizationAutoConfiguration matched:
      - @ConditionalOnClass found required class 'org.springframework.transaction.PlatformTransactionManager' (OnClassCondition)

   TransactionManagerCustomizationAutoConfiguration#platformTransactionManagerCustomizers matched:
      - @ConditionalOnMissingBean (types: org.springframework.boot.transaction.autoconfigure.TransactionManagerCustomizers; SearchStrategy: all) did not find any beans (OnBeanCondition)

   ValidationAutoConfiguration matched:
      - @ConditionalOnClass found required class 'jakarta.validation.executable.ExecutableValidator' (OnClassCondition)
      - @ConditionalOnResource found location classpath:META-INF/services/jakarta.validation.spi.ValidationProvider (OnResourceCondition)

   ValidationAutoConfiguration#defaultValidator matched:
      - @ConditionalOnMissingBean (types: jakarta.validation.Validator; SearchStrategy: all) did not find any beans (OnBeanCondition)

   ValidationAutoConfiguration#methodValidationPostProcessor matched:
      - @ConditionalOnMissingBean (types: org.springframework.validation.beanvalidation.MethodValidationPostProcessor; SearchStrategy: current) did not find any beans (OnBeanCondition)

   WebEndpointAutoConfiguration matched:
      - @ConditionalOnWebApplication (required) found 'session' scope (OnWebApplicationCondition)

   WebEndpointAutoConfiguration#controllerEndpointDiscoverer matched:
      - @ConditionalOnMissingBean (types: org.springframework.boot.actuate.endpoint.web.annotation.ControllerEndpointsSupplier; SearchStrategy: all) did not find any beans (OnBeanCondition)

   WebEndpointAutoConfiguration#endpointMediaTypes matched:
      - @ConditionalOnMissingBean (types: org.springframework.boot.actuate.endpoint.web.EndpointMediaTypes; SearchStrategy: all) did not find any beans (OnBeanCondition)

   WebEndpointAutoConfiguration#pathMappedEndpoints matched:
      - @ConditionalOnMissingBean (types: org.springframework.boot.actuate.endpoint.web.PathMappedEndpoints; SearchStrategy: all) did not find any beans (OnBeanCondition)

   WebEndpointAutoConfiguration#webEndpointDiscoverer matched:
      - @ConditionalOnMissingBean (types: org.springframework.boot.actuate.endpoint.web.WebEndpointsSupplier; SearchStrategy: all) did not find any beans (OnBeanCondition)

   WebEndpointAutoConfiguration.WebEndpointServletConfiguration matched:
      - found 'session' scope (OnWebApplicationCondition)

   WebEndpointAutoConfiguration.WebEndpointServletConfiguration#servletEndpointDiscoverer matched:
      - @ConditionalOnMissingBean (types: org.springframework.boot.actuate.endpoint.web.annotation.ServletEndpointsSupplier; SearchStrategy: all) did not find any beans (OnBeanCondition)

   WebMvcAutoConfiguration matched:
      - @ConditionalOnClass found required classes 'jakarta.servlet.Servlet', 'org.springframework.web.servlet.DispatcherServlet', 'org.springframework.web.servlet.config.annotation.WebMvcConfigurer' (OnClassCondition)
      - found 'session' scope (OnWebApplicationCondition)
      - @ConditionalOnMissingBean (types: org.springframework.web.servlet.config.annotation.WebMvcConfigurationSupport; SearchStrategy: all) did not find any beans (OnBeanCondition)

   WebMvcAutoConfiguration#formContentFilter matched:
      - @ConditionalOnBooleanProperty (spring.mvc.formcontent.filter.enabled=true) matched (OnPropertyCondition)
      - @ConditionalOnMissingBean (types: org.springframework.web.filter.FormContentFilter; SearchStrategy: all) did not find any beans (OnBeanCondition)

   WebMvcAutoConfiguration.EnableWebMvcConfiguration#flashMapManager matched:
      - @ConditionalOnMissingBean (names: flashMapManager; SearchStrategy: all) did not find any beans (OnBeanCondition)

   WebMvcAutoConfiguration.EnableWebMvcConfiguration#localeResolver matched:
      - @ConditionalOnMissingBean (names: localeResolver; SearchStrategy: all) did not find any beans (OnBeanCondition)

   WebMvcAutoConfiguration.EnableWebMvcConfiguration#viewNameTranslator matched:
      - @ConditionalOnMissingBean (names: viewNameTranslator; SearchStrategy: all) did not find any beans (OnBeanCondition)

   WebMvcAutoConfiguration.ResourceChainCustomizerConfiguration matched:
      - @ConditionalOnEnabledResourceChain found class org.webjars.WebJarVersionLocator (OnEnabledResourceChainCondition)

   WebMvcAutoConfiguration.WebMvcAutoConfigurationAdapter#defaultViewResolver matched:
      - @ConditionalOnMissingBean (types: org.springframework.web.servlet.view.InternalResourceViewResolver; SearchStrategy: all) did not find any beans (OnBeanCondition)

   WebMvcAutoConfiguration.WebMvcAutoConfigurationAdapter#requestContextFilter matched:
      - @ConditionalOnMissingBean (types: org.springframework.web.context.request.RequestContextListener,org.springframework.web.filter.RequestContextFilter; SearchStrategy: all) did not find any beans (OnBeanCondition)

   WebMvcAutoConfiguration.WebMvcAutoConfigurationAdapter#viewResolver matched:
      - @ConditionalOnBean (types: org.springframework.web.servlet.ViewResolver; SearchStrategy: all) found beans 'defaultViewResolver', 'beanNameViewResolver', 'mvcViewResolver'; @ConditionalOnMissingBean (names: viewResolver types: org.springframework.web.servlet.view.ContentNegotiatingViewResolver; SearchStrategy: all) did not find any beans (OnBeanCondition)

   WebMvcEndpointManagementContextConfiguration matched:
      - found 'session' scope (OnWebApplicationCondition)
      - @ConditionalOnBean (types: org.springframework.web.servlet.DispatcherServlet,org.springframework.boot.actuate.endpoint.web.WebEndpointsSupplier; SearchStrategy: all) found beans 'webEndpointDiscoverer', 'dispatcherServlet' (OnBeanCondition)

   WebMvcEndpointManagementContextConfiguration#controllerEndpointHandlerMapping matched:
      - @ConditionalOnMissingBean (types: org.springframework.boot.webmvc.actuate.endpoint.web.ControllerEndpointHandlerMapping; SearchStrategy: all) did not find any beans (OnBeanCondition)

   WebMvcEndpointManagementContextConfiguration#endpointJackson2ObjectMapperWebMvcConfigurer matched:
      - @ConditionalOnBean (types: org.springframework.boot.actuate.endpoint.jackson.EndpointJackson2ObjectMapper; SearchStrategy: all) found bean 'jackson2EndpointJsonMapper' (OnBeanCondition)

   WebMvcEndpointManagementContextConfiguration#endpointJsonMapperWebMvcConfigurer matched:
      - @ConditionalOnBean (types: org.springframework.boot.actuate.endpoint.jackson.EndpointJsonMapper; SearchStrategy: all) found bean 'endpointJsonMapper' (OnBeanCondition)

   WebMvcEndpointManagementContextConfiguration#webEndpointServletHandlerMapping matched:
      - @ConditionalOnMissingBean (types: org.springframework.boot.webmvc.actuate.endpoint.web.WebMvcEndpointHandlerMapping; SearchStrategy: all) did not find any beans (OnBeanCondition)

   WebMvcEndpointManagementContextConfiguration.HealthConfiguration matched:
      - @ConditionalOnClass found required class 'org.springframework.boot.health.actuate.endpoint.HealthEndpoint' (OnClassCondition)

   WebMvcHealthEndpointExtensionAutoConfiguration matched:
      - @ConditionalOnClass found required class 'org.springframework.boot.health.actuate.endpoint.HealthEndpoint' (OnClassCondition)
      - found 'session' scope (OnWebApplicationCondition)
      - @ConditionalOnAvailableEndpoint marked as exposed by a 'management.endpoints.web.exposure' property (OnAvailableEndpointCondition)
      - @ConditionalOnBean (types: org.springframework.boot.health.actuate.endpoint.HealthEndpoint,org.springframework.boot.actuate.endpoint.web.WebEndpointsSupplier,org.springframework.boot.health.actuate.endpoint.HealthEndpointGroups; SearchStrategy: all) found beans 'webEndpointDiscoverer', 'healthEndpoint', 'healthEndpointGroups' (OnBeanCondition)

   WebMvcObservationAutoConfiguration matched:
      - @ConditionalOnClass found required classes 'org.springframework.web.servlet.DispatcherServlet', 'io.micrometer.observation.Observation', 'org.springframework.boot.micrometer.observation.autoconfigure.ObservationProperties' (OnClassCondition)
      - found 'session' scope (OnWebApplicationCondition)
      - @ConditionalOnBean (types: io.micrometer.observation.ObservationRegistry; SearchStrategy: all) found bean 'observationRegistry' (OnBeanCondition)

   WebMvcObservationAutoConfiguration#webMvcObservationFilter matched:
      - @ConditionalOnMissingBean (types: org.springframework.web.filter.ServerHttpObservationFilter; SearchStrategy: all) did not find any beans (OnBeanCondition)

   WebMvcObservationAutoConfiguration.MeterFilterConfiguration matched:
      - @ConditionalOnClass found required classes 'io.micrometer.core.instrument.MeterRegistry', 'org.springframework.boot.micrometer.metrics.autoconfigure.MetricsProperties' (OnClassCondition)
      - @ConditionalOnBean (types: io.micrometer.core.instrument.MeterRegistry; SearchStrategy: all) found bean 'simpleMeterRegistry' (OnBeanCondition)


Negative matches:
-----------------

   AopAutoConfiguration.AspectJAutoProxyingConfiguration.JdkDynamicAutoProxyConfiguration:
      Did not match:
         - @ConditionalOnBooleanProperty (spring.aop.proxy-target-class=false) did not find property 'spring.aop.proxy-target-class' (OnPropertyCondition)

   AopAutoConfiguration.ClassProxyingConfiguration:
      Did not match:
         - @ConditionalOnMissingClass found unwanted class 'org.aspectj.weaver.Advice' (OnClassCondition)

   AppOpticsMetricsExportAutoConfiguration:
      Did not match:
         - @ConditionalOnClass did not find required class 'io.micrometer.appoptics.AppOpticsMeterRegistry' (OnClassCondition)

   AtlasMetricsExportAutoConfiguration:
      Did not match:
         - @ConditionalOnClass did not find required class 'io.micrometer.atlas.AtlasMeterRegistry' (OnClassCondition)

   AuditAutoConfiguration:
      Did not match:
         - @ConditionalOnBean (types: org.springframework.boot.actuate.audit.AuditEventRepository; SearchStrategy: all) did not find any beans of type org.springframework.boot.actuate.audit.AuditEventRepository (OnBeanCondition)
      Matched:
         - @ConditionalOnBooleanProperty (management.auditevents.enabled=true) matched (OnPropertyCondition)

   AuditEventsEndpointAutoConfiguration:
      Did not match:
         - @ConditionalOnAvailableEndpoint not exposed (OnAvailableEndpointCondition)

   AvailabilityHealthContributorAutoConfiguration#livenessStateHealthIndicator:
      Did not match:
         - @ConditionalOnBooleanProperty (management.health.livenessstate.enabled=true) did not find property 'management.health.livenessstate.enabled' (OnPropertyCondition)

   AvailabilityHealthContributorAutoConfiguration#readinessStateHealthIndicator:
      Did not match:
         - @ConditionalOnBooleanProperty (management.health.readinessstate.enabled=true) did not find property 'management.health.readinessstate.enabled' (OnPropertyCondition)

   BeansEndpointAutoConfiguration:
      Did not match:
         - @ConditionalOnAvailableEndpoint not exposed (OnAvailableEndpointCondition)

   CompositeMeterRegistryConfiguration:
      Did not match:
         - NoneNestedConditions 1 matched 1 did not; NestedCondition on CompositeMeterRegistryConfiguration.MultipleNonPrimaryMeterRegistriesCondition.SingleInjectableMeterRegistry @ConditionalOnSingleCandidate (types: io.micrometer.core.instrument.MeterRegistry; SearchStrategy: all) found a single bean 'simpleMeterRegistry'; NestedCondition on CompositeMeterRegistryConfiguration.MultipleNonPrimaryMeterRegistriesCondition.NoMeterRegistryCondition @ConditionalOnMissingBean (types: io.micrometer.core.instrument.MeterRegistry; SearchStrategy: all) found beans of type 'io.micrometer.core.instrument.MeterRegistry' simpleMeterRegistry (CompositeMeterRegistryConfiguration.MultipleNonPrimaryMeterRegistriesCondition)

   ConditionsReportEndpointAutoConfiguration:
      Did not match:
         - @ConditionalOnAvailableEndpoint not exposed (OnAvailableEndpointCondition)

   ConfigurationPropertiesReportEndpointAutoConfiguration:
      Did not match:
         - @ConditionalOnAvailableEndpoint not exposed (OnAvailableEndpointCondition)

   DataJpaRepositoriesAutoConfiguration#entityManagerFactoryBootstrapExecutorCustomizer:
      Did not match:
         - AnyNestedCondition 0 matched 2 did not; NestedCondition on DataJpaRepositoriesAutoConfiguration.BootstrapExecutorCondition.LazyBootstrapMode @ConditionalOnProperty (spring.data.jpa.repositories.bootstrap-mode=lazy) did not find property 'spring.data.jpa.repositories.bootstrap-mode'; NestedCondition on DataJpaRepositoriesAutoConfiguration.BootstrapExecutorCondition.DeferredBootstrapMode @ConditionalOnProperty (spring.data.jpa.repositories.bootstrap-mode=deferred) did not find property 'spring.data.jpa.repositories.bootstrap-mode' (DataJpaRepositoriesAutoConfiguration.BootstrapExecutorCondition)

   DataSourceAutoConfiguration.EmbeddedDatabaseConfiguration:
      Did not match:
         - EmbeddedDataSource spring.datasource.url is set (DataSourceAutoConfiguration.EmbeddedDatabaseCondition)

   DataSourceCheckpointRestoreConfiguration:
      Did not match:
         - @ConditionalOnClass did not find required class 'org.crac.Resource' (OnClassCondition)

   DataSourceConfiguration.Dbcp2:
      Did not match:
         - @ConditionalOnClass did not find required class 'org.apache.commons.dbcp2.BasicDataSource' (OnClassCondition)

   DataSourceConfiguration.Generic:
      Did not match:
         - @ConditionalOnProperty (spring.datasource.type) did not find property 'spring.datasource.type' (OnPropertyCondition)

   DataSourceConfiguration.OracleUcp:
      Did not match:
         - @ConditionalOnClass did not find required classes 'oracle.ucp.jdbc.PoolDataSourceImpl', 'oracle.jdbc.OracleConnection' (OnClassCondition)

   DataSourceConfiguration.Tomcat:
      Did not match:
         - @ConditionalOnClass did not find required class 'org.apache.tomcat.jdbc.pool.DataSource' (OnClassCondition)

   DataSourceJmxConfiguration:
      Did not match:
         - @ConditionalOnBooleanProperty (spring.jmx.enabled=true) did not find property 'spring.jmx.enabled' (OnPropertyCondition)

   DataSourcePoolMetadataProvidersConfiguration.CommonsDbcp2PoolDataSourceMetadataProviderConfiguration:
      Did not match:
         - @ConditionalOnClass did not find required class 'org.apache.commons.dbcp2.BasicDataSource' (OnClassCondition)

   DataSourcePoolMetadataProvidersConfiguration.OracleUcpPoolDataSourceMetadataProviderConfiguration:
      Did not match:
         - @ConditionalOnClass did not find required classes 'oracle.ucp.jdbc.PoolDataSource', 'oracle.jdbc.OracleConnection' (OnClassCondition)

   DataSourcePoolMetadataProvidersConfiguration.TomcatDataSourcePoolMetadataProviderConfiguration:
      Did not match:
         - @ConditionalOnClass did not find required class 'org.apache.tomcat.jdbc.pool.DataSource' (OnClassCondition)

   DataSourceTransactionManagerAutoConfiguration.JdbcTransactionManagerConfiguration#transactionManager:
      Did not match:
         - @ConditionalOnMissingBean (types: org.springframework.transaction.TransactionManager; SearchStrategy: all) found beans of type 'org.springframework.transaction.TransactionManager' transactionManager (OnBeanCondition)

   DatadogMetricsExportAutoConfiguration:
      Did not match:
         - @ConditionalOnClass did not find required class 'io.micrometer.datadog.DatadogMeterRegistry' (OnClassCondition)

   DevToolsR2dbcAutoConfiguration:
      Did not match:
         - @ConditionalOnClass did not find required class 'io.r2dbc.spi.ConnectionFactory' (OnClassCondition)

   DispatcherServletAutoConfiguration.DispatcherServletConfiguration#multipartResolver:
      Did not match:
         - @ConditionalOnBean (types: org.springframework.web.multipart.MultipartResolver; SearchStrategy: all) did not find any beans of type org.springframework.web.multipart.MultipartResolver (OnBeanCondition)

   DynatraceMetricsExportAutoConfiguration:
      Did not match:
         - @ConditionalOnClass did not find required class 'io.micrometer.dynatrace.DynatraceMeterRegistry' (OnClassCondition)

   ElasticMetricsExportAutoConfiguration:
      Did not match:
         - @ConditionalOnClass did not find required class 'io.micrometer.elastic.ElasticMeterRegistry' (OnClassCondition)

   EnvironmentEndpointAutoConfiguration:
      Did not match:
         - @ConditionalOnAvailableEndpoint not exposed (OnAvailableEndpointCondition)

   FlywayAutoConfiguration:
      Did not match:
         - @ConditionalOnBooleanProperty (spring.flyway.enabled=true) found different value in property 'spring.flyway.enabled' (OnPropertyCondition)
      Matched:
         - @ConditionalOnClass found required class 'org.flywaydb.core.Flyway' (OnClassCondition)

   FlywayEndpointAutoConfiguration:
      Did not match:
         - @ConditionalOnAvailableEndpoint not exposed (OnAvailableEndpointCondition)
      Matched:
         - @ConditionalOnClass found required classes 'org.flywaydb.core.Flyway', 'org.springframework.boot.actuate.autoconfigure.endpoint.condition.ConditionalOnAvailableEndpoint' (OnClassCondition)

   GangliaMetricsExportAutoConfiguration:
      Did not match:
         - @ConditionalOnClass did not find required class 'io.micrometer.ganglia.GangliaMeterRegistry' (OnClassCondition)

   GraphiteMetricsExportAutoConfiguration:
      Did not match:
         - @ConditionalOnClass did not find required class 'io.micrometer.graphite.GraphiteMeterRegistry' (OnClassCondition)

   GsonHttpMessageConvertersConfiguration:
      Did not match:
         - @ConditionalOnClass did not find required class 'com.google.gson.Gson' (OnClassCondition)

   HealthContributorRegistryAutoConfiguration.ReactiveHealthContributorRegistryConfiguration:
      Did not match:
         - @ConditionalOnClass did not find required class 'reactor.core.publisher.Flux' (OnClassCondition)

   HealthEndpointReactiveWebExtensionConfiguration:
      Did not match:
         - did not find reactive web application classes (OnWebApplicationCondition)

   HeapDumpWebEndpointAutoConfiguration:
      Did not match:
         - @ConditionalOnAvailableEndpoint the configured access for endpoint 'heapdump' is NONE (OnAvailableEndpointCondition)

   HibernateMetricsAutoConfiguration:
      Did not match:
         - @ConditionalOnClass did not find required class 'org.hibernate.stat.HibernateMetrics' (OnClassCondition)

   HttpExchangesEndpointAutoConfiguration:
      Did not match:
         - @ConditionalOnAvailableEndpoint not exposed (OnAvailableEndpointCondition)

   HumioMetricsExportAutoConfiguration:
      Did not match:
         - @ConditionalOnClass did not find required class 'io.micrometer.humio.HumioMeterRegistry' (OnClassCondition)

   InfluxMetricsExportAutoConfiguration:
      Did not match:
         - @ConditionalOnClass did not find required class 'io.micrometer.influx.InfluxMeterRegistry' (OnClassCondition)

   InfoContributorAutoConfiguration#buildInfoContributor:
      Did not match:
         - @ConditionalOnSingleCandidate (types: org.springframework.boot.info.BuildProperties; SearchStrategy: all) did not find any beans (OnBeanCondition)
      Matched:
         - @ConditionalOnEnabledInfoContributor management.info.defaults.enabled is considered true (OnEnabledInfoContributorCondition)

   InfoContributorAutoConfiguration#envInfoContributor:
      Did not match:
         - @ConditionalOnEnabledInfoContributor management.info.env.enabled is not true (OnEnabledInfoContributorCondition)

   InfoContributorAutoConfiguration#gitInfoContributor:
      Did not match:
         - @ConditionalOnSingleCandidate (types: org.springframework.boot.info.GitProperties; SearchStrategy: all) did not find any beans (OnBeanCondition)
      Matched:
         - @ConditionalOnEnabledInfoContributor management.info.defaults.enabled is considered true (OnEnabledInfoContributorCondition)

   InfoContributorAutoConfiguration#javaInfoContributor:
      Did not match:
         - @ConditionalOnEnabledInfoContributor management.info.java.enabled is not true (OnEnabledInfoContributorCondition)

   InfoContributorAutoConfiguration#osInfoContributor:
      Did not match:
         - @ConditionalOnEnabledInfoContributor management.info.os.enabled is not true (OnEnabledInfoContributorCondition)

   InfoContributorAutoConfiguration#processInfoContributor:
      Did not match:
         - @ConditionalOnEnabledInfoContributor management.info.process.enabled is not true (OnEnabledInfoContributorCondition)

   InfoContributorAutoConfiguration#sslInfo:
      Did not match:
         - @ConditionalOnEnabledInfoContributor management.info.ssl.enabled is not true (OnEnabledInfoContributorCondition)
      Matched:
         - @ConditionalOnMissingBean (types: org.springframework.boot.info.SslInfo; SearchStrategy: all) did not find any beans (OnBeanCondition)

   InfoContributorAutoConfiguration#sslInfoContributor:
      Did not match:
         - @ConditionalOnEnabledInfoContributor management.info.ssl.enabled is not true (OnEnabledInfoContributorCondition)

   InfoEndpointAutoConfiguration:
      Did not match:
         - @ConditionalOnAvailableEndpoint not exposed (OnAvailableEndpointCondition)

   Jackson2HttpMessageConvertersConfiguration.MappingJackson2HttpMessageConverterConfiguration:
      Did not match:
         - AnyNestedCondition 0 matched 2 did not; NestedCondition on Jackson2HttpMessageConvertersConfiguration.PreferJackson2OrJacksonUnavailableCondition.JacksonUnavailable @ConditionalOnMissingBean (types: org.springframework.boot.http.converter.autoconfigure.JacksonHttpMessageConvertersConfiguration$JacksonJsonHttpMessageConvertersCustomizer; SearchStrategy: all) found beans of type 'org.springframework.boot.http.converter.autoconfigure.JacksonHttpMessageConvertersConfiguration$JacksonJsonHttpMessageConvertersCustomizer' jacksonJsonHttpMessageConvertersCustomizer; NestedCondition on Jackson2HttpMessageConvertersConfiguration.PreferJackson2OrJacksonUnavailableCondition.Jackson2Preferred @ConditionalOnProperty (spring.http.converters.preferred-json-mapper=jackson2) did not find property 'spring.http.converters.preferred-json-mapper' (Jackson2HttpMessageConvertersConfiguration.PreferJackson2OrJacksonUnavailableCondition)
      Matched:
         - @ConditionalOnClass found required class 'com.fasterxml.jackson.databind.ObjectMapper' (OnClassCondition)

   Jackson2HttpMessageConvertersConfiguration.MappingJackson2XmlHttpMessageConverterConfiguration:
      Did not match:
         - @ConditionalOnClass did not find required class 'com.fasterxml.jackson.dataformat.xml.XmlMapper' (OnClassCondition)

   JacksonAutoConfiguration.CborConfiguration:
      Did not match:
         - @ConditionalOnClass did not find required class 'tools.jackson.dataformat.cbor.CBORMapper' (OnClassCondition)

   JacksonAutoConfiguration.XmlConfiguration:
      Did not match:
         - @ConditionalOnClass did not find required class 'tools.jackson.dataformat.xml.XmlMapper' (OnClassCondition)

   JacksonHttpMessageConvertersConfiguration.JacksonXmlHttpMessageConverterConfiguration:
      Did not match:
         - @ConditionalOnClass did not find required class 'tools.jackson.dataformat.xml.XmlMapper' (OnClassCondition)

   JmxAutoConfiguration:
      Did not match:
         - @ConditionalOnBooleanProperty (spring.jmx.enabled=true) did not find property 'spring.jmx.enabled' (OnPropertyCondition)
      Matched:
         - @ConditionalOnClass found required class 'org.springframework.jmx.export.MBeanExporter' (OnClassCondition)

   JmxEndpointAutoConfiguration:
      Did not match:
         - @ConditionalOnBooleanProperty (spring.jmx.enabled=true) did not find property 'spring.jmx.enabled' (OnPropertyCondition)

   JmxMetricsExportAutoConfiguration:
      Did not match:
         - @ConditionalOnClass did not find required class 'io.micrometer.jmx.JmxMeterRegistry' (OnClassCondition)

   JndiDataSourceAutoConfiguration:
      Did not match:
         - @ConditionalOnProperty (spring.datasource.jndi-name) did not find property 'spring.datasource.jndi-name' (OnPropertyCondition)
      Matched:
         - @ConditionalOnClass found required classes 'javax.sql.DataSource', 'org.springframework.jdbc.datasource.embedded.EmbeddedDatabaseType' (OnClassCondition)

   JndiJtaConfiguration:
      Did not match:
         - @ConditionalOnJndi JNDI environment is not available (OnJndiCondition)
      Matched:
         - @ConditionalOnClass found required class 'org.springframework.transaction.jta.JtaTransactionManager' (OnClassCondition)

   JpaBaseConfiguration.JpaWebConfiguration:
      Did not match:
         - @ConditionalOnBooleanProperty (spring.jpa.open-in-view=true) found different value in property 'spring.jpa.open-in-view' (OnPropertyCondition)
      Matched:
         - @ConditionalOnClass found required class 'org.springframework.web.servlet.config.annotation.WebMvcConfigurer' (OnClassCondition)
         - found 'session' scope (OnWebApplicationCondition)

   JsonbHttpMessageConvertersConfiguration:
      Did not match:
         - @ConditionalOnClass did not find required class 'jakarta.json.bind.Jsonb' (OnClassCondition)

   JvmMetricsAutoConfiguration.VirtualThreadMetricsConfiguration:
      Did not match:
         - @ConditionalOnClass did not find required class 'io.micrometer.java21.instrument.binder.jdk.VirtualThreadMetrics' (OnClassCondition)

   KairosMetricsExportAutoConfiguration:
      Did not match:
         - @ConditionalOnClass did not find required class 'io.micrometer.kairos.KairosMeterRegistry' (OnClassCondition)

   KotlinSerializationHttpMessageConvertersConfiguration:
      Did not match:
         - @ConditionalOnClass did not find required classes 'kotlinx.serialization.Serializable', 'kotlinx.serialization.json.Json' (OnClassCondition)

   LocalDevToolsAutoConfiguration.LiveReloadConfiguration:
      Did not match:
         - @ConditionalOnBooleanProperty (spring.devtools.livereload.enabled=true) did not find property 'spring.devtools.livereload.enabled' (OnPropertyCondition)

   LocalDevToolsAutoConfiguration.RestartConfiguration:
      Did not match:
         - @ConditionalOnBooleanProperty (spring.devtools.restart.enabled=true) found different value in property 'spring.devtools.restart.enabled' (OnPropertyCondition)

   Log4J2MetricsAutoConfiguration:
      Did not match:
         - @ConditionalOnClass did not find required class 'org.apache.logging.log4j.core.LoggerContext' (OnClassCondition)

   LogFileWebEndpointAutoConfiguration:
      Did not match:
         - @ConditionalOnAvailableEndpoint not exposed (OnAvailableEndpointCondition)

   LoggersEndpointAutoConfiguration:
      Did not match:
         - @ConditionalOnAvailableEndpoint not exposed (OnAvailableEndpointCondition)

   ManagementContextAutoConfiguration.DifferentManagementContextConfiguration:
      Did not match:
         - Management Port actual port type (SAME) did not match required type (DIFFERENT) (OnManagementPortCondition)

   MappingsEndpointAutoConfiguration:
      Did not match:
         - @ConditionalOnAvailableEndpoint not exposed (OnAvailableEndpointCondition)

   MessageSourceAutoConfiguration:
      Did not match:
         - ResourceBundle did not find bundle with basename messages (MessageSourceAutoConfiguration.ResourceBundleCondition)

   MetricsAspectsAutoConfiguration:
      Did not match:
         - @ConditionalOnBooleanProperty (management.observations.annotations.enabled=true) did not find property 'management.observations.annotations.enabled' (OnPropertyCondition)
      Matched:
         - @ConditionalOnClass found required classes 'io.micrometer.core.instrument.MeterRegistry', 'org.aspectj.weaver.Advice' (OnClassCondition)

   MetricsEndpointAutoConfiguration:
      Did not match:
         - @ConditionalOnAvailableEndpoint not exposed (OnAvailableEndpointCondition)
      Matched:
         - @ConditionalOnClass found required classes 'org.springframework.boot.actuate.autoconfigure.endpoint.condition.ConditionalOnAvailableEndpoint', 'io.micrometer.core.annotation.Timed' (OnClassCondition)

   MultipleOpenApiSupportConfiguration:
      Did not match:
         - AnyNestedCondition 0 matched 2 did not; NestedCondition on MultipleOpenApiSupportCondition.OnActuatorDifferentPort found non-matching nested conditions Management Port actual port type (SAME) did not match required type (DIFFERENT), @ConditionalOnProperty (springdoc.show-actuator) did not find property 'springdoc.show-actuator'; NestedCondition on MultipleOpenApiSupportCondition.OnMultipleOpenApiSupportCondition AnyNestedCondition 0 matched 3 did not; NestedCondition on MultipleOpenApiGroupsCondition.OnListGroupedOpenApiBean @ConditionalOnBean (types: org.springdoc.core.models.GroupedOpenApi; SearchStrategy: all) did not find any beans of type org.springdoc.core.models.GroupedOpenApi; NestedCondition on MultipleOpenApiGroupsCondition.OnGroupConfigProperty @ConditionalOnProperty (springdoc.group-configs[0].group) did not find property 'springdoc.group-configs[0].group'; NestedCondition on MultipleOpenApiGroupsCondition.OnGroupedOpenApiBean @ConditionalOnBean (types: org.springdoc.core.models.GroupedOpenApi; SearchStrategy: all) did not find any beans of type org.springdoc.core.models.GroupedOpenApi (MultipleOpenApiSupportCondition)
      Matched:
         - found 'session' scope (OnWebApplicationCondition)
         - @ConditionalOnProperty (springdoc.api-docs.enabled) matched (OnPropertyCondition)

   MultipleOpenApiSupportConfiguration.SpringDocWebMvcActuatorDifferentConfiguration:
      Did not match:
         - @ConditionalOnClass did not find required class 'org.springframework.boot.actuate.endpoint.web.servlet.WebMvcEndpointHandlerMapping' (OnClassCondition)
         - Ancestor org.springdoc.webmvc.core.configuration.MultipleOpenApiSupportConfiguration did not match (ConditionEvaluationReport.AncestorsMatchedCondition)

   NewRelicMetricsExportAutoConfiguration:
      Did not match:
         - @ConditionalOnClass did not find required class 'io.micrometer.newrelic.NewRelicMeterRegistry' (OnClassCondition)

   NoOpMeterRegistryConfiguration:
      Did not match:
         - @ConditionalOnMissingBean (types: io.micrometer.core.instrument.MeterRegistry; SearchStrategy: all) found beans of type 'io.micrometer.core.instrument.MeterRegistry' simpleMeterRegistry (OnBeanCondition)

   ObservationAutoConfiguration.ObservedAspectConfiguration:
      Did not match:
         - @ConditionalOnBooleanProperty (management.observations.annotations.enabled=true) did not find property 'management.observations.annotations.enabled' (OnPropertyCondition)
      Matched:
         - @ConditionalOnClass found required class 'org.aspectj.weaver.Advice' (OnClassCondition)

   OtlpMetricsExportAutoConfiguration:
      Did not match:
         - @ConditionalOnClass did not find required class 'io.micrometer.registry.otlp.OtlpMeterRegistry' (OnClassCondition)

   ProjectInfoAutoConfiguration#buildProperties:
      Did not match:
         - @ConditionalOnResource did not find resource '${spring.info.build.location:classpath:META-INF/build-info.properties}' (OnResourceCondition)

   ProjectInfoAutoConfiguration#gitProperties:
      Did not match:
         - GitResource did not find git info at classpath:git.properties (ProjectInfoAutoConfiguration.GitResourceAvailableCondition)

   PrometheusMetricsExportAutoConfiguration:
      Did not match:
         - @ConditionalOnClass did not find required class 'io.micrometer.prometheusmetrics.PrometheusMeterRegistry' (OnClassCondition)

   RemoteDevToolsAutoConfiguration:
      Did not match:
         - @ConditionalOnProperty (spring.devtools.remote.secret) did not find property 'spring.devtools.remote.secret' (OnPropertyCondition)
      Matched:
         - @ConditionalOnClass found required classes 'jakarta.servlet.Filter', 'org.springframework.http.server.ServerHttpRequest', 'org.springframework.boot.web.server.autoconfigure.ServerProperties' (OnClassCondition)

   SbomEndpointAutoConfiguration:
      Did not match:
         - @ConditionalOnAvailableEndpoint not exposed (OnAvailableEndpointCondition)

   ScheduledTasksEndpointAutoConfiguration:
      Did not match:
         - @ConditionalOnAvailableEndpoint not exposed (OnAvailableEndpointCondition)

   ServletHttpExchangesAutoConfiguration:
      Did not match:
         - @ConditionalOnBean (types: org.springframework.boot.actuate.web.exchanges.HttpExchangeRepository; SearchStrategy: all) did not find any beans of type org.springframework.boot.actuate.web.exchanges.HttpExchangeRepository (OnBeanCondition)
      Matched:
         - found 'session' scope (OnWebApplicationCondition)
         - @ConditionalOnBooleanProperty (management.httpexchanges.recording.enabled=true) matched (OnPropertyCondition)

   ServletManagementContextAutoConfiguration.ApplicationContextFilterConfiguration:
      Did not match:
         - @ConditionalOnBooleanProperty (management.server.add-application-context-header=true) did not find property 'management.server.add-application-context-header' (OnPropertyCondition)

   ServletMappingsAutoConfiguration:
      Did not match:
         - @ConditionalOnAvailableEndpoint not exposed (OnAvailableEndpointCondition)
      Matched:
         - @ConditionalOnClass found required classes 'org.springframework.boot.actuate.autoconfigure.endpoint.condition.ConditionalOnAvailableEndpoint', 'org.springframework.boot.actuate.web.mappings.MappingsEndpoint' (OnClassCondition)
         - found 'session' scope (OnWebApplicationCondition)

   ServletWebServerConfiguration#forwardedHeaderFilter:
      Did not match:
         - @ConditionalOnProperty (server.forward-headers-strategy=framework) did not find property 'server.forward-headers-strategy' (OnPropertyCondition)

   ShutdownEndpointAutoConfiguration:
      Did not match:
         - @ConditionalOnAvailableEndpoint the configured access for endpoint 'shutdown' is NONE (OnAvailableEndpointCondition)

   SpringApplicationAdminJmxAutoConfiguration:
      Did not match:
         - @ConditionalOnBooleanProperty (spring.application.admin.enabled=true) did not find property 'spring.application.admin.enabled' (OnPropertyCondition)

   SpringDocConfiguration#oas31ModelConverter:
      Did not match:
         - @ConditionalOnProperty (springdoc.explicit-object-schema=true) did not find property 'springdoc.explicit-object-schema' (OnPropertyCondition)

   SpringDocConfiguration#propertiesResolverForSchema:
      Did not match:
         - @ConditionalOnProperty (springdoc.api-docs.resolve-schema-properties) did not find property 'springdoc.api-docs.resolve-schema-properties' (OnPropertyCondition)

   SpringDocConfiguration#propertyCustomizingConverter:
      Did not match:
         - @ConditionalOnBean (types: org.springdoc.core.customizers.PropertyCustomizer; SearchStrategy: all) did not find any beans of type org.springdoc.core.customizers.PropertyCustomizer (OnBeanCondition)

   SpringDocConfiguration#springdocBeanFactoryPostProcessor:
      Did not match:
         - AnyNestedCondition 0 matched 2 did not; NestedCondition on CacheOrGroupedOpenApiCondition.OnCacheDisabled found non-matching nested conditions @ConditionalOnProperty (springdoc.cache.disabled) did not find property 'springdoc.cache.disabled'; NestedCondition on CacheOrGroupedOpenApiCondition.OnMultipleOpenApiSupportCondition AnyNestedCondition 0 matched 2 did not; NestedCondition on MultipleOpenApiSupportCondition.OnActuatorDifferentPort found non-matching nested conditions Management Port actual port type (SAME) did not match required type (DIFFERENT), @ConditionalOnProperty (springdoc.show-actuator) did not find property 'springdoc.show-actuator'; NestedCondition on MultipleOpenApiSupportCondition.OnMultipleOpenApiSupportCondition AnyNestedCondition 0 matched 3 did not; NestedCondition on MultipleOpenApiGroupsCondition.OnListGroupedOpenApiBean @ConditionalOnBean (types: org.springdoc.core.models.GroupedOpenApi; SearchStrategy: all) did not find any beans of type org.springdoc.core.models.GroupedOpenApi; NestedCondition on MultipleOpenApiGroupsCondition.OnGroupConfigProperty @ConditionalOnProperty (springdoc.group-configs[0].group) did not find property 'springdoc.group-configs[0].group'; NestedCondition on MultipleOpenApiGroupsCondition.OnGroupedOpenApiBean @ConditionalOnBean (types: org.springdoc.core.models.GroupedOpenApi; SearchStrategy: all) did not find any beans of type org.springdoc.core.models.GroupedOpenApi (CacheOrGroupedOpenApiCondition)
      Matched:
         - @ConditionalOnClass found required class 'org.springframework.boot.context.properties.bind.BindResult' (OnClassCondition)

   SpringDocConfiguration#springdocBeanFactoryPostProcessor2:
      Did not match:
         - @ConditionalOnMissingClass found unwanted class 'org.springframework.boot.context.properties.bind.BindResult' (OnClassCondition)

   SpringDocConfiguration.SpringDocActuatorConfiguration:
      Did not match:
         - @ConditionalOnProperty (springdoc.show-actuator) did not find property 'springdoc.show-actuator' (OnPropertyCondition)
      Matched:
         - @ConditionalOnClass found required class 'org.springframework.boot.actuate.autoconfigure.endpoint.web.WebEndpointProperties' (OnClassCondition)

   SpringDocConfiguration.SpringDocRepositoryRestConfiguration:
      Did not match:
         - @ConditionalOnClass did not find required class 'org.springframework.data.rest.core.config.RepositoryRestConfiguration' (OnClassCondition)

   SpringDocConfiguration.SpringDocSpringDataWebPropertiesProvider:
      Did not match:
         - @ConditionalOnClass did not find required class 'org.springframework.boot.autoconfigure.data.web.SpringDataWebProperties' (OnClassCondition)

   SpringDocConfiguration.SpringDocWebFluxSupportConfiguration:
      Did not match:
         - @ConditionalOnClass did not find required class 'reactor.core.publisher.Flux' (OnClassCondition)

   SpringDocDataRestConfiguration:
      Did not match:
         - @ConditionalOnClass did not find required class 'org.springframework.data.rest.core.config.RepositoryRestConfiguration' (OnClassCondition)

   SpringDocFunctionCatalogConfiguration:
      Did not match:
         - @ConditionalOnClass did not find required class 'org.springframework.cloud.function.web.function.FunctionEndpointInitializer' (OnClassCondition)

   SpringDocGroovyConfiguration:
      Did not match:
         - @ConditionalOnClass did not find required class 'groovy.lang.MetaClass' (OnClassCondition)

   SpringDocHateoasConfiguration:
      Did not match:
         - @ConditionalOnClass did not find required class 'org.springframework.hateoas.server.LinkRelationProvider' (OnClassCondition)

   SpringDocJacksonKotlinModuleConfiguration:
      Did not match:
         - @ConditionalOnClass did not find required class 'com.fasterxml.jackson.module.kotlin.KotlinModule' (OnClassCondition)

   SpringDocJavadocConfiguration:
      Did not match:
         - @ConditionalOnClass did not find required class 'com.github.therapi.runtimejavadoc.CommentFormatter' (OnClassCondition)

   SpringDocKotlinConfiguration:
      Did not match:
         - @ConditionalOnClass did not find required class 'kotlin.coroutines.Continuation' (OnClassCondition)

   SpringDocKotlinxConfiguration:
      Did not match:
         - @ConditionalOnClass did not find required class 'kotlinx.coroutines.flow.Flow' (OnClassCondition)

   SpringDocSecurityConfiguration:
      Did not match:
         - @ConditionalOnClass did not find required class 'org.springframework.security.web.SecurityFilterChain' (OnClassCondition)

   SpringDocSortConfiguration#dataRestDelegatingMethodParameterCustomizer:
      Did not match:
         - @ConditionalOnMissingBean (types: org.springdoc.core.customizers.DataRestDelegatingMethodParameterCustomizer; SearchStrategy: all) found beans of type 'org.springdoc.core.customizers.DataRestDelegatingMethodParameterCustomizer' dataRestDelegatingMethodParameterCustomizer (OnBeanCondition)

   SpringDocWebMvcConfiguration.SpringDocWebMvcActuatorConfiguration:
      Did not match:
         - @ConditionalOnClass did not find required class 'org.springframework.boot.actuate.endpoint.web.servlet.WebMvcEndpointHandlerMapping' (OnClassCondition)

   StackdriverMetricsExportAutoConfiguration:
      Did not match:
         - @ConditionalOnClass did not find required class 'io.micrometer.stackdriver.StackdriverMeterRegistry' (OnClassCondition)

   StartupEndpointAutoConfiguration:
      Did not match:
         - ApplicationStartup configured applicationStartup is of type class org.springframework.core.metrics.DefaultApplicationStartup, expected BufferingApplicationStartup. (StartupEndpointAutoConfiguration.ApplicationStartupCondition)

   StatsdMetricsExportAutoConfiguration:
      Did not match:
         - @ConditionalOnClass did not find required class 'io.micrometer.statsd.StatsdMeterRegistry' (OnClassCondition)

   SwaggerConfig#springWebProvider:
      Did not match:
         - @ConditionalOnMissingBean (types: org.springdoc.core.providers.SpringWebProvider; SearchStrategy: all) found beans of type 'org.springdoc.core.providers.SpringWebProvider' springWebProvider (OnBeanCondition)

   SwaggerConfig#swaggerUiHome:
      Did not match:
         - @ConditionalOnProperty (springdoc.swagger-ui.use-root-path=true) did not find property 'springdoc.swagger-ui.use-root-path' (OnPropertyCondition)

   SwaggerConfig.SwaggerActuatorWelcomeConfiguration:
      Did not match:
         - @ConditionalOnClass did not find required class 'org.springframework.boot.actuate.endpoint.web.servlet.WebMvcEndpointHandlerMapping' (OnClassCondition)

   TaskExecutorConfigurations.AsyncConfigurerWrapperConfiguration:
      Did not match:
         - @ConditionalOnBean (types: org.springframework.scheduling.annotation.AsyncConfigurer; SearchStrategy: all) did not find any beans of type org.springframework.scheduling.annotation.AsyncConfigurer (OnBeanCondition)

   TaskExecutorConfigurations.SimpleAsyncTaskExecutorBuilderConfiguration#simpleAsyncTaskExecutorBuilderVirtualThreads:
      Did not match:
         - @ConditionalOnMissingBean (types: org.springframework.boot.task.SimpleAsyncTaskExecutorBuilder; SearchStrategy: all) found beans of type 'org.springframework.boot.task.SimpleAsyncTaskExecutorBuilder' simpleAsyncTaskExecutorBuilder (OnBeanCondition)

   TaskExecutorConfigurations.TaskExecutorConfiguration#applicationTaskExecutorVirtualThreads:
      Did not match:
         - @ConditionalOnThreading did not find VIRTUAL (OnThreadingCondition)

   TaskSchedulingAutoConfiguration#scheduledBeanLazyInitializationExcludeFilter:
      Did not match:
         - @ConditionalOnBean (names: org.springframework.scheduling.config.internalScheduledAnnotationProcessor; SearchStrategy: all) did not find any beans named org.springframework.scheduling.config.internalScheduledAnnotationProcessor (OnBeanCondition)

   TaskSchedulingConfigurations.SimpleAsyncTaskSchedulerBuilderConfiguration#simpleAsyncTaskSchedulerBuilderVirtualThreads:
      Did not match:
         - @ConditionalOnMissingBean (types: org.springframework.boot.task.SimpleAsyncTaskSchedulerBuilder; SearchStrategy: all) found beans of type 'org.springframework.boot.task.SimpleAsyncTaskSchedulerBuilder' simpleAsyncTaskSchedulerBuilder (OnBeanCondition)

   TaskSchedulingConfigurations.TaskSchedulerConfiguration:
      Did not match:
         - @ConditionalOnBean (names: org.springframework.scheduling.config.internalScheduledAnnotationProcessor; SearchStrategy: all) did not find any beans named org.springframework.scheduling.config.internalScheduledAnnotationProcessor (OnBeanCondition)

   ThreadDumpEndpointAutoConfiguration:
      Did not match:
         - @ConditionalOnAvailableEndpoint not exposed (OnAvailableEndpointCondition)

   TomcatReactiveManagementContextAutoConfiguration:
      Did not match:
         - @ConditionalOnWebApplication did not find reactive web application classes (OnWebApplicationCondition)

   TomcatReactiveWebServerAutoConfiguration:
      Did not match:
         - @ConditionalOnWebApplication did not find reactive web application classes (OnWebApplicationCondition)

   TomcatServletManagementContextAutoConfiguration:
      Did not match:
         - Management Port actual port type (SAME) did not match required type (DIFFERENT) (OnManagementPortCondition)
      Matched:
         - @ConditionalOnClass found required class 'org.springframework.boot.actuate.autoconfigure.web.server.ManagementContextFactory' (OnClassCondition)
         - found 'session' scope (OnWebApplicationCondition)

   TomcatServletWebServerAutoConfiguration#tomcatForwardedHeaderFilterCustomizer:
      Did not match:
         - @ConditionalOnProperty (server.forward-headers-strategy=framework) did not find property 'server.forward-headers-strategy' (OnPropertyCondition)

   TomcatWebServerConfiguration#tomcatVirtualThreadsProtocolHandlerCustomizer:
      Did not match:
         - @ConditionalOnThreading did not find VIRTUAL (OnThreadingCondition)

   TransactionAutoConfiguration#transactionalOperator:
      Did not match:
         - @ConditionalOnSingleCandidate (types: org.springframework.transaction.ReactiveTransactionManager; SearchStrategy: all) did not find any beans (OnBeanCondition)

   TransactionAutoConfiguration.AspectJTransactionManagementConfiguration:
      Did not match:
         - @ConditionalOnBean (types: org.springframework.transaction.aspectj.AbstractTransactionAspect; SearchStrategy: all) did not find any beans of type org.springframework.transaction.aspectj.AbstractTransactionAspect (OnBeanCondition)

   TransactionAutoConfiguration.EnableTransactionManagementConfiguration.JdkDynamicAutoProxyConfiguration:
      Did not match:
         - @ConditionalOnBooleanProperty (spring.aop.proxy-target-class=false) did not find property 'spring.aop.proxy-target-class' (OnPropertyCondition)

   WebMvcAutoConfiguration#hiddenHttpMethodFilter:
      Did not match:
         - @ConditionalOnBooleanProperty (spring.mvc.hiddenmethod.filter.enabled=true) did not find property 'spring.mvc.hiddenmethod.filter.enabled' (OnPropertyCondition)

   WebMvcAutoConfiguration.ProblemDetailsErrorHandlingConfiguration:
      Did not match:
         - @ConditionalOnBooleanProperty (spring.mvc.problemdetails.enabled=true) did not find property 'spring.mvc.problemdetails.enabled' (OnPropertyCondition)

   WebMvcAutoConfiguration.WebMvcAutoConfigurationAdapter#beanNameViewResolver:
      Did not match:
         - @ConditionalOnMissingBean (types: org.springframework.web.servlet.view.BeanNameViewResolver; SearchStrategy: all) found beans of type 'org.springframework.web.servlet.view.BeanNameViewResolver' beanNameViewResolver (OnBeanCondition)

   WebMvcEndpointManagementContextConfiguration.HealthConfiguration#managementHealthEndpointWebMvcHandlerMapping:
      Did not match:
         - Management Port actual port type (SAME) did not match required type (DIFFERENT) (OnManagementPortCondition)

   WebMvcMappingsAutoConfiguration:
      Did not match:
         - @ConditionalOnAvailableEndpoint not exposed (OnAvailableEndpointCondition)
      Matched:
         - @ConditionalOnClass found required classes 'org.springframework.boot.actuate.autoconfigure.endpoint.condition.ConditionalOnAvailableEndpoint', 'org.springframework.web.servlet.DispatcherServlet', 'org.springframework.boot.actuate.web.mappings.MappingsEndpoint' (OnClassCondition)
         - found 'session' scope (OnWebApplicationCondition)

   XADataSourceAutoConfiguration:
      Did not match:
         - @ConditionalOnBean (types: org.springframework.boot.jdbc.XADataSourceWrapper; SearchStrategy: all) did not find any beans of type org.springframework.boot.jdbc.XADataSourceWrapper (OnBeanCondition)
      Matched:
         - @ConditionalOnClass found required classes 'javax.sql.DataSource', 'jakarta.transaction.TransactionManager', 'org.springframework.jdbc.datasource.embedded.EmbeddedDatabaseType' (OnClassCondition)


Exclusions:
-----------

    None


Unconditional classes:
----------------------

    org.springframework.boot.health.autoconfigure.registry.HealthContributorRegistryAutoConfiguration

    org.springframework.boot.autoconfigure.context.ConfigurationPropertiesAutoConfiguration

    org.springframework.boot.autoconfigure.ssl.SslAutoConfiguration

    org.springframework.boot.actuate.autoconfigure.info.InfoContributorAutoConfiguration

    org.springframework.boot.autoconfigure.context.PropertyPlaceholderAutoConfiguration

    org.springframework.boot.autoconfigure.context.LifecycleAutoConfiguration

    org.springdoc.core.configuration.SpringDocSpecPropertiesConfiguration

    org.springframework.boot.actuate.autoconfigure.endpoint.EndpointAutoConfiguration

    org.springframework.boot.autoconfigure.availability.ApplicationAvailabilityAutoConfiguration

    org.springframework.boot.health.autoconfigure.contributor.HealthContributorAutoConfiguration

    org.springframework.boot.autoconfigure.info.ProjectInfoAutoConfiguration

    org.springframework.boot.actuate.autoconfigure.web.server.ManagementContextAutoConfiguration



2026-08-20T17:48:19.338+09:00  INFO 8108 --- [InnerDerma] [  restartedMain] com.innerderma.InnerDermaApplication     : Started InnerDermaApplication in 5.5 seconds (process running for 5.899)
2026-08-20T17:48:19.387+09:00 DEBUG 8108 --- [InnerDerma] [  restartedMain] o.s.b.a.ApplicationAvailabilityBean      : Application availability state LivenessState changed to CORRECT
2026-08-20T17:48:19.712+09:00 DEBUG 8108 --- [InnerDerma] [  restartedMain] org.hibernate.SQL                        : 
    select
        ar1_0.id 
    from
        ai_rules ar1_0 
    where
        ar1_0.rule_id=? 
        and ar1_0.version=? 
    fetch
        first ? rows only
Hibernate: 
    select
        ar1_0.id 
    from
        ai_rules ar1_0 
    where
        ar1_0.rule_id=? 
        and ar1_0.version=? 
    fetch
        first ? rows only
2026-08-20T17:48:19.760+09:00 DEBUG 8108 --- [InnerDerma] [  restartedMain] org.hibernate.SQL                        : 
    insert 
    into
        ai_rules
        (actions_json, category, conditions_json, created_at, enabled, explanation_template, name, priority, restrictions_json, rule_id, version, id) 
    values
        (?, ?, ?, ?, ?, ?, ?, ?, ?, ?, ?, default)
Hibernate: 
    insert 
    into
        ai_rules
        (actions_json, category, conditions_json, created_at, enabled, explanation_template, name, priority, restrictions_json, rule_id, version, id) 
    values
        (?, ?, ?, ?, ?, ?, ?, ?, ?, ?, ?, default)
2026-08-20T17:48:19.780+09:00 DEBUG 8108 --- [InnerDerma] [  restartedMain] org.hibernate.SQL                        : 
    select
        ar1_0.id 
    from
        ai_rules ar1_0 
    where
        ar1_0.rule_id=? 
        and ar1_0.version=? 
    fetch
        first ? rows only
Hibernate: 
    select
        ar1_0.id 
    from
        ai_rules ar1_0 
    where
        ar1_0.rule_id=? 
        and ar1_0.version=? 
    fetch
        first ? rows only
2026-08-20T17:48:19.782+09:00 DEBUG 8108 --- [InnerDerma] [  restartedMain] org.hibernate.SQL                        : 
    insert 
    into
        ai_rules
        (actions_json, category, conditions_json, created_at, enabled, explanation_template, name, priority, restrictions_json, rule_id, version, id) 
    values
        (?, ?, ?, ?, ?, ?, ?, ?, ?, ?, ?, default)
Hibernate: 
    insert 
    into
        ai_rules
        (actions_json, category, conditions_json, created_at, enabled, explanation_template, name, priority, restrictions_json, rule_id, version, id) 
    values
        (?, ?, ?, ?, ?, ?, ?, ?, ?, ?, ?, default)
2026-08-20T17:48:19.782+09:00 DEBUG 8108 --- [InnerDerma] [  restartedMain] org.hibernate.SQL                        : 
    select
        ar1_0.id 
    from
        ai_rules ar1_0 
    where
        ar1_0.rule_id=? 
        and ar1_0.version=? 
    fetch
        first ? rows only
Hibernate: 
    select
        ar1_0.id 
    from
        ai_rules ar1_0 
    where
        ar1_0.rule_id=? 
        and ar1_0.version=? 
    fetch
        first ? rows only
2026-08-20T17:48:19.782+09:00 DEBUG 8108 --- [InnerDerma] [  restartedMain] org.hibernate.SQL                        : 
    insert 
    into
        ai_rules
        (actions_json, category, conditions_json, created_at, enabled, explanation_template, name, priority, restrictions_json, rule_id, version, id) 
    values
        (?, ?, ?, ?, ?, ?, ?, ?, ?, ?, ?, default)
Hibernate: 
    insert 
    into
        ai_rules
        (actions_json, category, conditions_json, created_at, enabled, explanation_template, name, priority, restrictions_json, rule_id, version, id) 
    values
        (?, ?, ?, ?, ?, ?, ?, ?, ?, ?, ?, default)
2026-08-20T17:48:19.787+09:00 DEBUG 8108 --- [InnerDerma] [  restartedMain] org.hibernate.SQL                        : 
    select
        ar1_0.id 
    from
        ai_rules ar1_0 
    where
        ar1_0.rule_id=? 
        and ar1_0.version=? 
    fetch
        first ? rows only
Hibernate: 
    select
        ar1_0.id 
    from
        ai_rules ar1_0 
    where
        ar1_0.rule_id=? 
        and ar1_0.version=? 
    fetch
        first ? rows only
2026-08-20T17:48:19.788+09:00 DEBUG 8108 --- [InnerDerma] [  restartedMain] org.hibernate.SQL                        : 
    insert 
    into
        ai_rules
        (actions_json, category, conditions_json, created_at, enabled, explanation_template, name, priority, restrictions_json, rule_id, version, id) 
    values
        (?, ?, ?, ?, ?, ?, ?, ?, ?, ?, ?, default)
Hibernate: 
    insert 
    into
        ai_rules
        (actions_json, category, conditions_json, created_at, enabled, explanation_template, name, priority, restrictions_json, rule_id, version, id) 
    values
        (?, ?, ?, ?, ?, ?, ?, ?, ?, ?, ?, default)
2026-08-20T17:48:19.788+09:00 DEBUG 8108 --- [InnerDerma] [  restartedMain] org.hibernate.SQL                        : 
    select
        ar1_0.id 
    from
        ai_rules ar1_0 
    where
        ar1_0.rule_id=? 
        and ar1_0.version=? 
    fetch
        first ? rows only
Hibernate: 
    select
        ar1_0.id 
    from
        ai_rules ar1_0 
    where
        ar1_0.rule_id=? 
        and ar1_0.version=? 
    fetch
        first ? rows only
2026-08-20T17:48:19.788+09:00 DEBUG 8108 --- [InnerDerma] [  restartedMain] org.hibernate.SQL                        : 
    insert 
    into
        ai_rules
        (actions_json, category, conditions_json, created_at, enabled, explanation_template, name, priority, restrictions_json, rule_id, version, id) 
    values
        (?, ?, ?, ?, ?, ?, ?, ?, ?, ?, ?, default)
Hibernate: 
    insert 
    into
        ai_rules
        (actions_json, category, conditions_json, created_at, enabled, explanation_template, name, priority, restrictions_json, rule_id, version, id) 
    values
        (?, ?, ?, ?, ?, ?, ?, ?, ?, ?, ?, default)
2026-08-20T17:48:19.788+09:00 DEBUG 8108 --- [InnerDerma] [  restartedMain] org.hibernate.SQL                        : 
    select
        ar1_0.id 
    from
        ai_rules ar1_0 
    where
        ar1_0.rule_id=? 
        and ar1_0.version=? 
    fetch
        first ? rows only
Hibernate: 
    select
        ar1_0.id 
    from
        ai_rules ar1_0 
    where
        ar1_0.rule_id=? 
        and ar1_0.version=? 
    fetch
        first ? rows only
2026-08-20T17:48:19.788+09:00 DEBUG 8108 --- [InnerDerma] [  restartedMain] org.hibernate.SQL                        : 
    insert 
    into
        ai_rules
        (actions_json, category, conditions_json, created_at, enabled, explanation_template, name, priority, restrictions_json, rule_id, version, id) 
    values
        (?, ?, ?, ?, ?, ?, ?, ?, ?, ?, ?, default)
Hibernate: 
    insert 
    into
        ai_rules
        (actions_json, category, conditions_json, created_at, enabled, explanation_template, name, priority, restrictions_json, rule_id, version, id) 
    values
        (?, ?, ?, ?, ?, ?, ?, ?, ?, ?, ?, default)
2026-08-20T17:48:19.788+09:00 DEBUG 8108 --- [InnerDerma] [  restartedMain] org.hibernate.SQL                        : 
    select
        ar1_0.id 
    from
        ai_rules ar1_0 
    where
        ar1_0.rule_id=? 
        and ar1_0.version=? 
    fetch
        first ? rows only
Hibernate: 
    select
        ar1_0.id 
    from
        ai_rules ar1_0 
    where
        ar1_0.rule_id=? 
        and ar1_0.version=? 
    fetch
        first ? rows only
2026-08-20T17:48:19.788+09:00 DEBUG 8108 --- [InnerDerma] [  restartedMain] org.hibernate.SQL                        : 
    insert 
    into
        ai_rules
        (actions_json, category, conditions_json, created_at, enabled, explanation_template, name, priority, restrictions_json, rule_id, version, id) 
    values
        (?, ?, ?, ?, ?, ?, ?, ?, ?, ?, ?, default)
Hibernate: 
    insert 
    into
        ai_rules
        (actions_json, category, conditions_json, created_at, enabled, explanation_template, name, priority, restrictions_json, rule_id, version, id) 
    values
        (?, ?, ?, ?, ?, ?, ?, ?, ?, ?, ?, default)
2026-08-20T17:48:19.788+09:00 DEBUG 8108 --- [InnerDerma] [  restartedMain] org.hibernate.SQL                        : 
    select
        ar1_0.id 
    from
        ai_rules ar1_0 
    where
        ar1_0.rule_id=? 
        and ar1_0.version=? 
    fetch
        first ? rows only
Hibernate: 
    select
        ar1_0.id 
    from
        ai_rules ar1_0 
    where
        ar1_0.rule_id=? 
        and ar1_0.version=? 
    fetch
        first ? rows only
2026-08-20T17:48:19.788+09:00 DEBUG 8108 --- [InnerDerma] [  restartedMain] org.hibernate.SQL                        : 
    insert 
    into
        ai_rules
        (actions_json, category, conditions_json, created_at, enabled, explanation_template, name, priority, restrictions_json, rule_id, version, id) 
    values
        (?, ?, ?, ?, ?, ?, ?, ?, ?, ?, ?, default)
Hibernate: 
    insert 
    into
        ai_rules
        (actions_json, category, conditions_json, created_at, enabled, explanation_template, name, priority, restrictions_json, rule_id, version, id) 
    values
        (?, ?, ?, ?, ?, ?, ?, ?, ?, ?, ?, default)
2026-08-20T17:48:19.788+09:00 DEBUG 8108 --- [InnerDerma] [  restartedMain] org.hibernate.SQL                        : 
    select
        ar1_0.id 
    from
        ai_rules ar1_0 
    where
        ar1_0.rule_id=? 
        and ar1_0.version=? 
    fetch
        first ? rows only
Hibernate: 
    select
        ar1_0.id 
    from
        ai_rules ar1_0 
    where
        ar1_0.rule_id=? 
        and ar1_0.version=? 
    fetch
        first ? rows only
2026-08-20T17:48:19.788+09:00 DEBUG 8108 --- [InnerDerma] [  restartedMain] org.hibernate.SQL                        : 
    insert 
    into
        ai_rules
        (actions_json, category, conditions_json, created_at, enabled, explanation_template, name, priority, restrictions_json, rule_id, version, id) 
    values
        (?, ?, ?, ?, ?, ?, ?, ?, ?, ?, ?, default)
Hibernate: 
    insert 
    into
        ai_rules
        (actions_json, category, conditions_json, created_at, enabled, explanation_template, name, priority, restrictions_json, rule_id, version, id) 
    values
        (?, ?, ?, ?, ?, ?, ?, ?, ?, ?, ?, default)
2026-08-20T17:48:19.804+09:00 DEBUG 8108 --- [InnerDerma] [  restartedMain] org.hibernate.SQL                        : 
    select
        ar1_0.id 
    from
        ai_rules ar1_0 
    where
        ar1_0.rule_id=? 
        and ar1_0.version=? 
    fetch
        first ? rows only
Hibernate: 
    select
        ar1_0.id 
    from
        ai_rules ar1_0 
    where
        ar1_0.rule_id=? 
        and ar1_0.version=? 
    fetch
        first ? rows only
2026-08-20T17:48:19.806+09:00 DEBUG 8108 --- [InnerDerma] [  restartedMain] org.hibernate.SQL                        : 
    insert 
    into
        ai_rules
        (actions_json, category, conditions_json, created_at, enabled, explanation_template, name, priority, restrictions_json, rule_id, version, id) 
    values
        (?, ?, ?, ?, ?, ?, ?, ?, ?, ?, ?, default)
Hibernate: 
    insert 
    into
        ai_rules
        (actions_json, category, conditions_json, created_at, enabled, explanation_template, name, priority, restrictions_json, rule_id, version, id) 
    values
        (?, ?, ?, ?, ?, ?, ?, ?, ?, ?, ?, default)
2026-08-20T17:48:19.806+09:00 DEBUG 8108 --- [InnerDerma] [  restartedMain] org.hibernate.SQL                        : 
    select
        ar1_0.id 
    from
        ai_rules ar1_0 
    where
        ar1_0.rule_id=? 
        and ar1_0.version=? 
    fetch
        first ? rows only
Hibernate: 
    select
        ar1_0.id 
    from
        ai_rules ar1_0 
    where
        ar1_0.rule_id=? 
        and ar1_0.version=? 
    fetch
        first ? rows only
2026-08-20T17:48:19.806+09:00 DEBUG 8108 --- [InnerDerma] [  restartedMain] org.hibernate.SQL                        : 
    insert 
    into
        ai_rules
        (actions_json, category, conditions_json, created_at, enabled, explanation_template, name, priority, restrictions_json, rule_id, version, id) 
    values
        (?, ?, ?, ?, ?, ?, ?, ?, ?, ?, ?, default)
Hibernate: 
    insert 
    into
        ai_rules
        (actions_json, category, conditions_json, created_at, enabled, explanation_template, name, priority, restrictions_json, rule_id, version, id) 
    values
        (?, ?, ?, ?, ?, ?, ?, ?, ?, ?, ?, default)
2026-08-20T17:48:19.806+09:00 DEBUG 8108 --- [InnerDerma] [  restartedMain] org.hibernate.SQL                        : 
    select
        ar1_0.id 
    from
        ai_rules ar1_0 
    where
        ar1_0.rule_id=? 
        and ar1_0.version=? 
    fetch
        first ? rows only
Hibernate: 
    select
        ar1_0.id 
    from
        ai_rules ar1_0 
    where
        ar1_0.rule_id=? 
        and ar1_0.version=? 
    fetch
        first ? rows only
2026-08-20T17:48:19.806+09:00 DEBUG 8108 --- [InnerDerma] [  restartedMain] org.hibernate.SQL                        : 
    insert 
    into
        ai_rules
        (actions_json, category, conditions_json, created_at, enabled, explanation_template, name, priority, restrictions_json, rule_id, version, id) 
    values
        (?, ?, ?, ?, ?, ?, ?, ?, ?, ?, ?, default)
Hibernate: 
    insert 
    into
        ai_rules
        (actions_json, category, conditions_json, created_at, enabled, explanation_template, name, priority, restrictions_json, rule_id, version, id) 
    values
        (?, ?, ?, ?, ?, ?, ?, ?, ?, ?, ?, default)
2026-08-20T17:48:19.806+09:00 DEBUG 8108 --- [InnerDerma] [  restartedMain] org.hibernate.SQL                        : 
    select
        ar1_0.id 
    from
        ai_rules ar1_0 
    where
        ar1_0.rule_id=? 
        and ar1_0.version=? 
    fetch
        first ? rows only
Hibernate: 
    select
        ar1_0.id 
    from
        ai_rules ar1_0 
    where
        ar1_0.rule_id=? 
        and ar1_0.version=? 
    fetch
        first ? rows only
2026-08-20T17:48:19.806+09:00 DEBUG 8108 --- [InnerDerma] [  restartedMain] org.hibernate.SQL                        : 
    insert 
    into
        ai_rules
        (actions_json, category, conditions_json, created_at, enabled, explanation_template, name, priority, restrictions_json, rule_id, version, id) 
    values
        (?, ?, ?, ?, ?, ?, ?, ?, ?, ?, ?, default)
Hibernate: 
    insert 
    into
        ai_rules
        (actions_json, category, conditions_json, created_at, enabled, explanation_template, name, priority, restrictions_json, rule_id, version, id) 
    values
        (?, ?, ?, ?, ?, ?, ?, ?, ?, ?, ?, default)
2026-08-20T17:48:19.806+09:00 DEBUG 8108 --- [InnerDerma] [  restartedMain] org.hibernate.SQL                        : 
    select
        ar1_0.id 
    from
        ai_rules ar1_0 
    where
        ar1_0.rule_id=? 
        and ar1_0.version=? 
    fetch
        first ? rows only
Hibernate: 
    select
        ar1_0.id 
    from
        ai_rules ar1_0 
    where
        ar1_0.rule_id=? 
        and ar1_0.version=? 
    fetch
        first ? rows only
2026-08-20T17:48:19.806+09:00 DEBUG 8108 --- [InnerDerma] [  restartedMain] org.hibernate.SQL                        : 
    insert 
    into
        ai_rules
        (actions_json, category, conditions_json, created_at, enabled, explanation_template, name, priority, restrictions_json, rule_id, version, id) 
    values
        (?, ?, ?, ?, ?, ?, ?, ?, ?, ?, ?, default)
Hibernate: 
    insert 
    into
        ai_rules
        (actions_json, category, conditions_json, created_at, enabled, explanation_template, name, priority, restrictions_json, rule_id, version, id) 
    values
        (?, ?, ?, ?, ?, ?, ?, ?, ?, ?, ?, default)
2026-08-20T17:48:19.806+09:00 DEBUG 8108 --- [InnerDerma] [  restartedMain] org.hibernate.SQL                        : 
    select
        ar1_0.id 
    from
        ai_rules ar1_0 
    where
        ar1_0.rule_id=? 
        and ar1_0.version=? 
    fetch
        first ? rows only
Hibernate: 
    select
        ar1_0.id 
    from
        ai_rules ar1_0 
    where
        ar1_0.rule_id=? 
        and ar1_0.version=? 
    fetch
        first ? rows only
2026-08-20T17:48:19.806+09:00 DEBUG 8108 --- [InnerDerma] [  restartedMain] org.hibernate.SQL                        : 
    insert 
    into
        ai_rules
        (actions_json, category, conditions_json, created_at, enabled, explanation_template, name, priority, restrictions_json, rule_id, version, id) 
    values
        (?, ?, ?, ?, ?, ?, ?, ?, ?, ?, ?, default)
Hibernate: 
    insert 
    into
        ai_rules
        (actions_json, category, conditions_json, created_at, enabled, explanation_template, name, priority, restrictions_json, rule_id, version, id) 
    values
        (?, ?, ?, ?, ?, ?, ?, ?, ?, ?, ?, default)
2026-08-20T17:48:19.819+09:00 DEBUG 8108 --- [InnerDerma] [  restartedMain] org.hibernate.SQL                        : 
    select
        ar1_0.id 
    from
        ai_rules ar1_0 
    where
        ar1_0.rule_id=? 
        and ar1_0.version=? 
    fetch
        first ? rows only
Hibernate: 
    select
        ar1_0.id 
    from
        ai_rules ar1_0 
    where
        ar1_0.rule_id=? 
        and ar1_0.version=? 
    fetch
        first ? rows only
2026-08-20T17:48:19.821+09:00 DEBUG 8108 --- [InnerDerma] [  restartedMain] org.hibernate.SQL                        : 
    insert 
    into
        ai_rules
        (actions_json, category, conditions_json, created_at, enabled, explanation_template, name, priority, restrictions_json, rule_id, version, id) 
    values
        (?, ?, ?, ?, ?, ?, ?, ?, ?, ?, ?, default)
Hibernate: 
    insert 
    into
        ai_rules
        (actions_json, category, conditions_json, created_at, enabled, explanation_template, name, priority, restrictions_json, rule_id, version, id) 
    values
        (?, ?, ?, ?, ?, ?, ?, ?, ?, ?, ?, default)
2026-08-20T17:48:19.823+09:00 DEBUG 8108 --- [InnerDerma] [  restartedMain] org.hibernate.SQL                        : 
    select
        ar1_0.id 
    from
        ai_rules ar1_0 
    where
        ar1_0.rule_id=? 
        and ar1_0.version=? 
    fetch
        first ? rows only
Hibernate: 
    select
        ar1_0.id 
    from
        ai_rules ar1_0 
    where
        ar1_0.rule_id=? 
        and ar1_0.version=? 
    fetch
        first ? rows only
2026-08-20T17:48:19.825+09:00 DEBUG 8108 --- [InnerDerma] [  restartedMain] org.hibernate.SQL                        : 
    insert 
    into
        ai_rules
        (actions_json, category, conditions_json, created_at, enabled, explanation_template, name, priority, restrictions_json, rule_id, version, id) 
    values
        (?, ?, ?, ?, ?, ?, ?, ?, ?, ?, ?, default)
Hibernate: 
    insert 
    into
        ai_rules
        (actions_json, category, conditions_json, created_at, enabled, explanation_template, name, priority, restrictions_json, rule_id, version, id) 
    values
        (?, ?, ?, ?, ?, ?, ?, ?, ?, ?, ?, default)
2026-08-20T17:48:19.827+09:00 DEBUG 8108 --- [InnerDerma] [  restartedMain] org.hibernate.SQL                        : 
    select
        ar1_0.id 
    from
        ai_rules ar1_0 
    where
        ar1_0.rule_id=? 
        and ar1_0.version=? 
    fetch
        first ? rows only
Hibernate: 
    select
        ar1_0.id 
    from
        ai_rules ar1_0 
    where
        ar1_0.rule_id=? 
        and ar1_0.version=? 
    fetch
        first ? rows only
2026-08-20T17:48:19.827+09:00 DEBUG 8108 --- [InnerDerma] [  restartedMain] org.hibernate.SQL                        : 
    insert 
    into
        ai_rules
        (actions_json, category, conditions_json, created_at, enabled, explanation_template, name, priority, restrictions_json, rule_id, version, id) 
    values
        (?, ?, ?, ?, ?, ?, ?, ?, ?, ?, ?, default)
Hibernate: 
    insert 
    into
        ai_rules
        (actions_json, category, conditions_json, created_at, enabled, explanation_template, name, priority, restrictions_json, rule_id, version, id) 
    values
        (?, ?, ?, ?, ?, ?, ?, ?, ?, ?, ?, default)
2026-08-20T17:48:19.829+09:00 DEBUG 8108 --- [InnerDerma] [  restartedMain] org.hibernate.SQL                        : 
    select
        ar1_0.id 
    from
        ai_rules ar1_0 
    where
        ar1_0.rule_id=? 
        and ar1_0.version=? 
    fetch
        first ? rows only
Hibernate: 
    select
        ar1_0.id 
    from
        ai_rules ar1_0 
    where
        ar1_0.rule_id=? 
        and ar1_0.version=? 
    fetch
        first ? rows only
2026-08-20T17:48:19.831+09:00 DEBUG 8108 --- [InnerDerma] [  restartedMain] org.hibernate.SQL                        : 
    insert 
    into
        ai_rules
        (actions_json, category, conditions_json, created_at, enabled, explanation_template, name, priority, restrictions_json, rule_id, version, id) 
    values
        (?, ?, ?, ?, ?, ?, ?, ?, ?, ?, ?, default)
Hibernate: 
    insert 
    into
        ai_rules
        (actions_json, category, conditions_json, created_at, enabled, explanation_template, name, priority, restrictions_json, rule_id, version, id) 
    values
        (?, ?, ?, ?, ?, ?, ?, ?, ?, ?, ?, default)
2026-08-20T17:48:19.833+09:00 DEBUG 8108 --- [InnerDerma] [  restartedMain] org.hibernate.SQL                        : 
    select
        ar1_0.id 
    from
        ai_rules ar1_0 
    where
        ar1_0.rule_id=? 
        and ar1_0.version=? 
    fetch
        first ? rows only
Hibernate: 
    select
        ar1_0.id 
    from
        ai_rules ar1_0 
    where
        ar1_0.rule_id=? 
        and ar1_0.version=? 
    fetch
        first ? rows only
2026-08-20T17:48:19.837+09:00 DEBUG 8108 --- [InnerDerma] [  restartedMain] org.hibernate.SQL                        : 
    insert 
    into
        ai_rules
        (actions_json, category, conditions_json, created_at, enabled, explanation_template, name, priority, restrictions_json, rule_id, version, id) 
    values
        (?, ?, ?, ?, ?, ?, ?, ?, ?, ?, ?, default)
Hibernate: 
    insert 
    into
        ai_rules
        (actions_json, category, conditions_json, created_at, enabled, explanation_template, name, priority, restrictions_json, rule_id, version, id) 
    values
        (?, ?, ?, ?, ?, ?, ?, ?, ?, ?, ?, default)
2026-08-20T17:48:19.840+09:00 DEBUG 8108 --- [InnerDerma] [  restartedMain] org.hibernate.SQL                        : 
    select
        ar1_0.id 
    from
        ai_rules ar1_0 
    where
        ar1_0.rule_id=? 
        and ar1_0.version=? 
    fetch
        first ? rows only
Hibernate: 
    select
        ar1_0.id 
    from
        ai_rules ar1_0 
    where
        ar1_0.rule_id=? 
        and ar1_0.version=? 
    fetch
        first ? rows only
2026-08-20T17:48:19.841+09:00 DEBUG 8108 --- [InnerDerma] [  restartedMain] org.hibernate.SQL                        : 
    insert 
    into
        ai_rules
        (actions_json, category, conditions_json, created_at, enabled, explanation_template, name, priority, restrictions_json, rule_id, version, id) 
    values
        (?, ?, ?, ?, ?, ?, ?, ?, ?, ?, ?, default)
Hibernate: 
    insert 
    into
        ai_rules
        (actions_json, category, conditions_json, created_at, enabled, explanation_template, name, priority, restrictions_json, rule_id, version, id) 
    values
        (?, ?, ?, ?, ?, ?, ?, ?, ?, ?, ?, default)
2026-08-20T17:48:19.843+09:00 DEBUG 8108 --- [InnerDerma] [  restartedMain] org.hibernate.SQL                        : 
    select
        ar1_0.id 
    from
        ai_rules ar1_0 
    where
        ar1_0.rule_id=? 
        and ar1_0.version=? 
    fetch
        first ? rows only
Hibernate: 
    select
        ar1_0.id 
    from
        ai_rules ar1_0 
    where
        ar1_0.rule_id=? 
        and ar1_0.version=? 
    fetch
        first ? rows only
2026-08-20T17:48:19.843+09:00 DEBUG 8108 --- [InnerDerma] [  restartedMain] org.hibernate.SQL                        : 
    insert 
    into
        ai_rules
        (actions_json, category, conditions_json, created_at, enabled, explanation_template, name, priority, restrictions_json, rule_id, version, id) 
    values
        (?, ?, ?, ?, ?, ?, ?, ?, ?, ?, ?, default)
Hibernate: 
    insert 
    into
        ai_rules
        (actions_json, category, conditions_json, created_at, enabled, explanation_template, name, priority, restrictions_json, rule_id, version, id) 
    values
        (?, ?, ?, ?, ?, ?, ?, ?, ?, ?, ?, default)
2026-08-20T17:48:19.846+09:00 DEBUG 8108 --- [InnerDerma] [  restartedMain] org.hibernate.SQL                        : 
    select
        ar1_0.id 
    from
        ai_rules ar1_0 
    where
        ar1_0.rule_id=? 
        and ar1_0.version=? 
    fetch
        first ? rows only
Hibernate: 
    select
        ar1_0.id 
    from
        ai_rules ar1_0 
    where
        ar1_0.rule_id=? 
        and ar1_0.version=? 
    fetch
        first ? rows only
2026-08-20T17:48:19.848+09:00 DEBUG 8108 --- [InnerDerma] [  restartedMain] org.hibernate.SQL                        : 
    insert 
    into
        ai_rules
        (actions_json, category, conditions_json, created_at, enabled, explanation_template, name, priority, restrictions_json, rule_id, version, id) 
    values
        (?, ?, ?, ?, ?, ?, ?, ?, ?, ?, ?, default)
Hibernate: 
    insert 
    into
        ai_rules
        (actions_json, category, conditions_json, created_at, enabled, explanation_template, name, priority, restrictions_json, rule_id, version, id) 
    values
        (?, ?, ?, ?, ?, ?, ?, ?, ?, ?, ?, default)
2026-08-20T17:48:19.850+09:00 DEBUG 8108 --- [InnerDerma] [  restartedMain] org.hibernate.SQL                        : 
    select
        ar1_0.id 
    from
        ai_rules ar1_0 
    where
        ar1_0.rule_id=? 
        and ar1_0.version=? 
    fetch
        first ? rows only
Hibernate: 
    select
        ar1_0.id 
    from
        ai_rules ar1_0 
    where
        ar1_0.rule_id=? 
        and ar1_0.version=? 
    fetch
        first ? rows only
2026-08-20T17:48:19.852+09:00 DEBUG 8108 --- [InnerDerma] [  restartedMain] org.hibernate.SQL                        : 
    insert 
    into
        ai_rules
        (actions_json, category, conditions_json, created_at, enabled, explanation_template, name, priority, restrictions_json, rule_id, version, id) 
    values
        (?, ?, ?, ?, ?, ?, ?, ?, ?, ?, ?, default)
Hibernate: 
    insert 
    into
        ai_rules
        (actions_json, category, conditions_json, created_at, enabled, explanation_template, name, priority, restrictions_json, rule_id, version, id) 
    values
        (?, ?, ?, ?, ?, ?, ?, ?, ?, ?, ?, default)
2026-08-20T17:48:19.854+09:00 DEBUG 8108 --- [InnerDerma] [  restartedMain] org.hibernate.SQL                        : 
    select
        ar1_0.id 
    from
        ai_rules ar1_0 
    where
        ar1_0.rule_id=? 
        and ar1_0.version=? 
    fetch
        first ? rows only
Hibernate: 
    select
        ar1_0.id 
    from
        ai_rules ar1_0 
    where
        ar1_0.rule_id=? 
        and ar1_0.version=? 
    fetch
        first ? rows only
2026-08-20T17:48:19.855+09:00 DEBUG 8108 --- [InnerDerma] [  restartedMain] org.hibernate.SQL                        : 
    insert 
    into
        ai_rules
        (actions_json, category, conditions_json, created_at, enabled, explanation_template, name, priority, restrictions_json, rule_id, version, id) 
    values
        (?, ?, ?, ?, ?, ?, ?, ?, ?, ?, ?, default)
Hibernate: 
    insert 
    into
        ai_rules
        (actions_json, category, conditions_json, created_at, enabled, explanation_template, name, priority, restrictions_json, rule_id, version, id) 
    values
        (?, ?, ?, ?, ?, ?, ?, ?, ?, ?, ?, default)
2026-08-20T17:48:19.865+09:00 DEBUG 8108 --- [InnerDerma] [  restartedMain] org.hibernate.SQL                        : 
    select
        u1_0.id,
        u1_0.name,
        u1_0.phone_number,
        u1_0.preferred_locale,
        u1_0.user_code 
    from
        users u1_0 
    where
        u1_0.user_code=?
Hibernate: 
    select
        u1_0.id,
        u1_0.name,
        u1_0.phone_number,
        u1_0.preferred_locale,
        u1_0.user_code 
    from
        users u1_0 
    where
        u1_0.user_code=?
2026-08-20T17:48:19.875+09:00 DEBUG 8108 --- [InnerDerma] [  restartedMain] org.hibernate.SQL                        : 
    insert 
    into
        users
        (name, phone_number, preferred_locale, user_code, id) 
    values
        (?, ?, ?, ?, default)
Hibernate: 
    insert 
    into
        users
        (name, phone_number, preferred_locale, user_code, id) 
    values
        (?, ?, ?, ?, default)
2026-08-20T17:48:19.877+09:00 DEBUG 8108 --- [InnerDerma] [  restartedMain] org.hibernate.SQL                        : 
    select
        f1_0.id,
        f1_0.facility_code,
        f1_0.name 
    from
        facilities f1_0 
    where
        f1_0.facility_code=?
Hibernate: 
    select
        f1_0.id,
        f1_0.facility_code,
        f1_0.name 
    from
        facilities f1_0 
    where
        f1_0.facility_code=?
2026-08-20T17:48:19.880+09:00 DEBUG 8108 --- [InnerDerma] [  restartedMain] org.hibernate.SQL                        : 
    insert 
    into
        facilities
        (facility_code, name, id) 
    values
        (?, ?, default)
Hibernate: 
    insert 
    into
        facilities
        (facility_code, name, id) 
    values
        (?, ?, default)
2026-08-20T17:48:19.882+09:00 DEBUG 8108 --- [InnerDerma] [  restartedMain] org.hibernate.SQL                        : 
    select
        f1_0.id,
        f1_0.facility_code,
        f1_0.name 
    from
        facilities f1_0 
    where
        f1_0.facility_code=?
Hibernate: 
    select
        f1_0.id,
        f1_0.facility_code,
        f1_0.name 
    from
        facilities f1_0 
    where
        f1_0.facility_code=?
2026-08-20T17:48:19.882+09:00 DEBUG 8108 --- [InnerDerma] [  restartedMain] org.hibernate.SQL                        : 
    insert 
    into
        facilities
        (facility_code, name, id) 
    values
        (?, ?, default)
Hibernate: 
    insert 
    into
        facilities
        (facility_code, name, id) 
    values
        (?, ?, default)
2026-08-20T17:48:19.884+09:00 DEBUG 8108 --- [InnerDerma] [  restartedMain] org.hibernate.SQL                        : 
    select
        f1_0.id,
        f1_0.facility_code,
        f1_0.name 
    from
        facilities f1_0 
    where
        f1_0.facility_code=?
Hibernate: 
    select
        f1_0.id,
        f1_0.facility_code,
        f1_0.name 
    from
        facilities f1_0 
    where
        f1_0.facility_code=?
2026-08-20T17:48:19.887+09:00 DEBUG 8108 --- [InnerDerma] [  restartedMain] org.hibernate.SQL                        : 
    insert 
    into
        facilities
        (facility_code, name, id) 
    values
        (?, ?, default)
Hibernate: 
    insert 
    into
        facilities
        (facility_code, name, id) 
    values
        (?, ?, default)
2026-08-20T17:48:19.898+09:00 DEBUG 8108 --- [InnerDerma] [  restartedMain] org.hibernate.SQL                        : 
    select
        wsd1_0.id 
    from
        whs_skin_diagnoses wsd1_0 
    join
        users u1_0 
            on u1_0.id=wsd1_0.user_id 
    where
        u1_0.user_code=? 
    fetch
        first ? rows only
Hibernate: 
    select
        wsd1_0.id 
    from
        whs_skin_diagnoses wsd1_0 
    join
        users u1_0 
            on u1_0.id=wsd1_0.user_id 
    where
        u1_0.user_code=? 
    fetch
        first ? rows only
2026-08-20T17:48:19.904+09:00 DEBUG 8108 --- [InnerDerma] [  restartedMain] org.hibernate.SQL                        : 
    insert 
    into
        whs_skin_diagnoses
        (diagnosed_date, result_summary, user_id, id) 
    values
        (?, ?, ?, default)
Hibernate: 
    insert 
    into
        whs_skin_diagnoses
        (diagnosed_date, result_summary, user_id, id) 
    values
        (?, ?, ?, default)
2026-08-20T17:48:19.904+09:00 DEBUG 8108 --- [InnerDerma] [  restartedMain] org.hibernate.SQL                        : 
    insert 
    into
        whs_skin_diagnosis_metrics
        (average_score, diagnosis_id, grade, metric_type, user_score, id) 
    values
        (?, ?, ?, ?, ?, default)
Hibernate: 
    insert 
    into
        whs_skin_diagnosis_metrics
        (average_score, diagnosis_id, grade, metric_type, user_score, id) 
    values
        (?, ?, ?, ?, ?, default)
2026-08-20T17:48:19.904+09:00 DEBUG 8108 --- [InnerDerma] [  restartedMain] org.hibernate.SQL                        : 
    insert 
    into
        whs_skin_diagnosis_metrics
        (average_score, diagnosis_id, grade, metric_type, user_score, id) 
    values
        (?, ?, ?, ?, ?, default)
Hibernate: 
    insert 
    into
        whs_skin_diagnosis_metrics
        (average_score, diagnosis_id, grade, metric_type, user_score, id) 
    values
        (?, ?, ?, ?, ?, default)
2026-08-20T17:48:19.904+09:00 DEBUG 8108 --- [InnerDerma] [  restartedMain] org.hibernate.SQL                        : 
    insert 
    into
        whs_skin_diagnosis_metrics
        (average_score, diagnosis_id, grade, metric_type, user_score, id) 
    values
        (?, ?, ?, ?, ?, default)
Hibernate: 
    insert 
    into
        whs_skin_diagnosis_metrics
        (average_score, diagnosis_id, grade, metric_type, user_score, id) 
    values
        (?, ?, ?, ?, ?, default)
2026-08-20T17:48:19.904+09:00 DEBUG 8108 --- [InnerDerma] [  restartedMain] org.hibernate.SQL                        : 
    insert 
    into
        whs_skin_diagnosis_metrics
        (average_score, diagnosis_id, grade, metric_type, user_score, id) 
    values
        (?, ?, ?, ?, ?, default)
Hibernate: 
    insert 
    into
        whs_skin_diagnosis_metrics
        (average_score, diagnosis_id, grade, metric_type, user_score, id) 
    values
        (?, ?, ?, ?, ?, default)
2026-08-20T17:48:19.904+09:00 DEBUG 8108 --- [InnerDerma] [  restartedMain] org.hibernate.SQL                        : 
    insert 
    into
        whs_skin_diagnosis_metrics
        (average_score, diagnosis_id, grade, metric_type, user_score, id) 
    values
        (?, ?, ?, ?, ?, default)
Hibernate: 
    insert 
    into
        whs_skin_diagnosis_metrics
        (average_score, diagnosis_id, grade, metric_type, user_score, id) 
    values
        (?, ?, ?, ?, ?, default)
2026-08-20T17:48:19.904+09:00 DEBUG 8108 --- [InnerDerma] [  restartedMain] org.hibernate.SQL                        : 
    insert 
    into
        whs_skin_diagnosis_metrics
        (average_score, diagnosis_id, grade, metric_type, user_score, id) 
    values
        (?, ?, ?, ?, ?, default)
Hibernate: 
    insert 
    into
        whs_skin_diagnosis_metrics
        (average_score, diagnosis_id, grade, metric_type, user_score, id) 
    values
        (?, ?, ?, ?, ?, default)
2026-08-20T17:48:19.904+09:00 DEBUG 8108 --- [InnerDerma] [  restartedMain] org.hibernate.SQL                        : 
    insert 
    into
        whs_skin_diagnosis_metrics
        (average_score, diagnosis_id, grade, metric_type, user_score, id) 
    values
        (?, ?, ?, ?, ?, default)
Hibernate: 
    insert 
    into
        whs_skin_diagnosis_metrics
        (average_score, diagnosis_id, grade, metric_type, user_score, id) 
    values
        (?, ?, ?, ?, ?, default)
2026-08-20T17:48:19.904+09:00 DEBUG 8108 --- [InnerDerma] [  restartedMain] org.hibernate.SQL                        : 
    insert 
    into
        whs_skin_diagnosis_metrics
        (average_score, diagnosis_id, grade, metric_type, user_score, id) 
    values
        (?, ?, ?, ?, ?, default)
Hibernate: 
    insert 
    into
        whs_skin_diagnosis_metrics
        (average_score, diagnosis_id, grade, metric_type, user_score, id) 
    values
        (?, ?, ?, ?, ?, default)
2026-08-20T17:48:19.904+09:00 DEBUG 8108 --- [InnerDerma] [  restartedMain] org.hibernate.SQL                        : 
    insert 
    into
        whs_skin_diagnosis_metrics
        (average_score, diagnosis_id, grade, metric_type, user_score, id) 
    values
        (?, ?, ?, ?, ?, default)
Hibernate: 
    insert 
    into
        whs_skin_diagnosis_metrics
        (average_score, diagnosis_id, grade, metric_type, user_score, id) 
    values
        (?, ?, ?, ?, ?, default)
2026-08-20T17:48:19.904+09:00 DEBUG 8108 --- [InnerDerma] [  restartedMain] org.hibernate.SQL                        : 
    insert 
    into
        whs_skin_diagnosis_metrics
        (average_score, diagnosis_id, grade, metric_type, user_score, id) 
    values
        (?, ?, ?, ?, ?, default)
Hibernate: 
    insert 
    into
        whs_skin_diagnosis_metrics
        (average_score, diagnosis_id, grade, metric_type, user_score, id) 
    values
        (?, ?, ?, ?, ?, default)
2026-08-20T17:48:19.904+09:00 DEBUG 8108 --- [InnerDerma] [  restartedMain] org.hibernate.SQL                        : 
    insert 
    into
        whs_skin_diagnosis_metrics
        (average_score, diagnosis_id, grade, metric_type, user_score, id) 
    values
        (?, ?, ?, ?, ?, default)
Hibernate: 
    insert 
    into
        whs_skin_diagnosis_metrics
        (average_score, diagnosis_id, grade, metric_type, user_score, id) 
    values
        (?, ?, ?, ?, ?, default)
2026-08-20T17:48:19.923+09:00 DEBUG 8108 --- [InnerDerma] [  restartedMain] org.hibernate.SQL                        : 
    select
        pr1_0.id 
    from
        procedure_records pr1_0 
    join
        users u1_0 
            on u1_0.id=pr1_0.user_id 
    join
        facilities f1_0 
            on f1_0.id=pr1_0.facility_id 
    where
        u1_0.user_code=? 
        and f1_0.facility_code=? 
        and pr1_0.procedure_date=? 
    fetch
        first ? rows only
Hibernate: 
    select
        pr1_0.id 
    from
        procedure_records pr1_0 
    join
        users u1_0 
            on u1_0.id=pr1_0.user_id 
    join
        facilities f1_0 
            on f1_0.id=pr1_0.facility_id 
    where
        u1_0.user_code=? 
        and f1_0.facility_code=? 
        and pr1_0.procedure_date=? 
    fetch
        first ? rows only
2026-08-20T17:48:19.930+09:00 DEBUG 8108 --- [InnerDerma] [  restartedMain] org.hibernate.SQL                        : 
    insert 
    into
        procedure_records
        (care_guide, expected_recovery_days_max, expected_recovery_days_min, facility_id, procedure_date, procedure_name, treatment_rule_version, treatment_source, treatment_area, treatment_code, treatment_type, user_id, id) 
    values
        (?, ?, ?, ?, ?, ?, ?, ?, ?, ?, ?, ?, default)
Hibernate: 
    insert 
    into
        procedure_records
        (care_guide, expected_recovery_days_max, expected_recovery_days_min, facility_id, procedure_date, procedure_name, treatment_rule_version, treatment_source, treatment_area, treatment_code, treatment_type, user_id, id) 
    values
        (?, ?, ?, ?, ?, ?, ?, ?, ?, ?, ?, ?, default)
2026-08-20T17:48:19.932+09:00 DEBUG 8108 --- [InnerDerma] [  restartedMain] org.hibernate.SQL                        : 
    insert 
    into
        procedure_aftercare_restrictions
        (procedure_record_id, restriction_text) 
    values
        (?, ?)
Hibernate: 
    insert 
    into
        procedure_aftercare_restrictions
        (procedure_record_id, restriction_text) 
    values
        (?, ?)
2026-08-20T17:48:19.933+09:00 DEBUG 8108 --- [InnerDerma] [  restartedMain] org.hibernate.SQL                        : 
    insert 
    into
        procedure_aftercare_restrictions
        (procedure_record_id, restriction_text) 
    values
        (?, ?)
Hibernate: 
    insert 
    into
        procedure_aftercare_restrictions
        (procedure_record_id, restriction_text) 
    values
        (?, ?)
2026-08-20T17:48:19.933+09:00 DEBUG 8108 --- [InnerDerma] [  restartedMain] org.hibernate.SQL                        : 
    insert 
    into
        procedure_allowed_product_tags
        (procedure_record_id, product_tag) 
    values
        (?, ?)
Hibernate: 
    insert 
    into
        procedure_allowed_product_tags
        (procedure_record_id, product_tag) 
    values
        (?, ?)
2026-08-20T17:48:19.933+09:00 DEBUG 8108 --- [InnerDerma] [  restartedMain] org.hibernate.SQL                        : 
    insert 
    into
        procedure_allowed_product_tags
        (procedure_record_id, product_tag) 
    values
        (?, ?)
Hibernate: 
    insert 
    into
        procedure_allowed_product_tags
        (procedure_record_id, product_tag) 
    values
        (?, ?)
2026-08-20T17:48:19.933+09:00 DEBUG 8108 --- [InnerDerma] [  restartedMain] org.hibernate.SQL                        : 
    insert 
    into
        procedure_normal_symptoms
        (procedure_record_id, symptom) 
    values
        (?, ?)
Hibernate: 
    insert 
    into
        procedure_normal_symptoms
        (procedure_record_id, symptom) 
    values
        (?, ?)
2026-08-20T17:48:19.933+09:00 DEBUG 8108 --- [InnerDerma] [  restartedMain] org.hibernate.SQL                        : 
    insert 
    into
        procedure_normal_symptoms
        (procedure_record_id, symptom) 
    values
        (?, ?)
Hibernate: 
    insert 
    into
        procedure_normal_symptoms
        (procedure_record_id, symptom) 
    values
        (?, ?)
2026-08-20T17:48:19.933+09:00 DEBUG 8108 --- [InnerDerma] [  restartedMain] org.hibernate.SQL                        : 
    insert 
    into
        procedure_restricted_product_tags
        (procedure_record_id, product_tag) 
    values
        (?, ?)
Hibernate: 
    insert 
    into
        procedure_restricted_product_tags
        (procedure_record_id, product_tag) 
    values
        (?, ?)
2026-08-20T17:48:19.936+09:00 DEBUG 8108 --- [InnerDerma] [  restartedMain] org.hibernate.SQL                        : 
    insert 
    into
        procedure_restricted_product_tags
        (procedure_record_id, product_tag) 
    values
        (?, ?)
Hibernate: 
    insert 
    into
        procedure_restricted_product_tags
        (procedure_record_id, product_tag) 
    values
        (?, ?)
2026-08-20T17:48:19.936+09:00 DEBUG 8108 --- [InnerDerma] [  restartedMain] org.hibernate.SQL                        : 
    insert 
    into
        procedure_restricted_product_tags
        (procedure_record_id, product_tag) 
    values
        (?, ?)
Hibernate: 
    insert 
    into
        procedure_restricted_product_tags
        (procedure_record_id, product_tag) 
    values
        (?, ?)
2026-08-20T17:48:19.937+09:00 DEBUG 8108 --- [InnerDerma] [  restartedMain] org.hibernate.SQL                        : 
    insert 
    into
        procedure_warning_symptoms
        (procedure_record_id, symptom) 
    values
        (?, ?)
Hibernate: 
    insert 
    into
        procedure_warning_symptoms
        (procedure_record_id, symptom) 
    values
        (?, ?)
2026-08-20T17:48:19.937+09:00 DEBUG 8108 --- [InnerDerma] [  restartedMain] org.hibernate.SQL                        : 
    insert 
    into
        procedure_warning_symptoms
        (procedure_record_id, symptom) 
    values
        (?, ?)
Hibernate: 
    insert 
    into
        procedure_warning_symptoms
        (procedure_record_id, symptom) 
    values
        (?, ?)
2026-08-20T17:48:19.940+09:00 DEBUG 8108 --- [InnerDerma] [  restartedMain] org.hibernate.SQL                        : 
    select
        p1_0.id 
    from
        products p1_0 
    where
        p1_0.product_code=? 
    fetch
        first ? rows only
Hibernate: 
    select
        p1_0.id 
    from
        products p1_0 
    where
        p1_0.product_code=? 
    fetch
        first ? rows only
2026-08-20T17:48:19.942+09:00 DEBUG 8108 --- [InnerDerma] [  restartedMain] org.hibernate.SQL                        : 
    insert 
    into
        products
        (active, application_method, brand, category, demo_product, display_priority, image_url, ingredients_highlight_json, name, official_url, price, product_code, safety_attention_compatible, skin_state_tags_json, source, target_concern, usage_instruction, verified_claims_json, id) 
    values
        (?, ?, ?, ?, ?, ?, ?, ?, ?, ?, ?, ?, ?, ?, ?, ?, ?, ?, default)
Hibernate: 
    insert 
    into
        products
        (active, application_method, brand, category, demo_product, display_priority, image_url, ingredients_highlight_json, name, official_url, price, product_code, safety_attention_compatible, skin_state_tags_json, source, target_concern, usage_instruction, verified_claims_json, id) 
    values
        (?, ?, ?, ?, ?, ?, ?, ?, ?, ?, ?, ?, ?, ?, ?, ?, ?, ?, default)
2026-08-20T17:48:19.944+09:00 DEBUG 8108 --- [InnerDerma] [  restartedMain] org.hibernate.SQL                        : 
    select
        p1_0.id 
    from
        products p1_0 
    where
        p1_0.product_code=? 
    fetch
        first ? rows only
Hibernate: 
    select
        p1_0.id 
    from
        products p1_0 
    where
        p1_0.product_code=? 
    fetch
        first ? rows only
2026-08-20T17:48:19.946+09:00 DEBUG 8108 --- [InnerDerma] [  restartedMain] org.hibernate.SQL                        : 
    insert 
    into
        products
        (active, application_method, brand, category, demo_product, display_priority, image_url, ingredients_highlight_json, name, official_url, price, product_code, safety_attention_compatible, skin_state_tags_json, source, target_concern, usage_instruction, verified_claims_json, id) 
    values
        (?, ?, ?, ?, ?, ?, ?, ?, ?, ?, ?, ?, ?, ?, ?, ?, ?, ?, default)
Hibernate: 
    insert 
    into
        products
        (active, application_method, brand, category, demo_product, display_priority, image_url, ingredients_highlight_json, name, official_url, price, product_code, safety_attention_compatible, skin_state_tags_json, source, target_concern, usage_instruction, verified_claims_json, id) 
    values
        (?, ?, ?, ?, ?, ?, ?, ?, ?, ?, ?, ?, ?, ?, ?, ?, ?, ?, default)
2026-08-20T17:48:19.946+09:00 DEBUG 8108 --- [InnerDerma] [  restartedMain] org.hibernate.SQL                        : 
    select
        p1_0.id 
    from
        products p1_0 
    where
        p1_0.product_code=? 
    fetch
        first ? rows only
Hibernate: 
    select
        p1_0.id 
    from
        products p1_0 
    where
        p1_0.product_code=? 
    fetch
        first ? rows only
2026-08-20T17:48:19.949+09:00 DEBUG 8108 --- [InnerDerma] [  restartedMain] org.hibernate.SQL                        : 
    insert 
    into
        products
        (active, application_method, brand, category, demo_product, display_priority, image_url, ingredients_highlight_json, name, official_url, price, product_code, safety_attention_compatible, skin_state_tags_json, source, target_concern, usage_instruction, verified_claims_json, id) 
    values
        (?, ?, ?, ?, ?, ?, ?, ?, ?, ?, ?, ?, ?, ?, ?, ?, ?, ?, default)
Hibernate: 
    insert 
    into
        products
        (active, application_method, brand, category, demo_product, display_priority, image_url, ingredients_highlight_json, name, official_url, price, product_code, safety_attention_compatible, skin_state_tags_json, source, target_concern, usage_instruction, verified_claims_json, id) 
    values
        (?, ?, ?, ?, ?, ?, ?, ?, ?, ?, ?, ?, ?, ?, ?, ?, ?, ?, default)
2026-08-20T17:48:19.951+09:00 DEBUG 8108 --- [InnerDerma] [  restartedMain] org.hibernate.SQL                        : 
    select
        p1_0.id 
    from
        products p1_0 
    where
        p1_0.product_code=? 
    fetch
        first ? rows only
Hibernate: 
    select
        p1_0.id 
    from
        products p1_0 
    where
        p1_0.product_code=? 
    fetch
        first ? rows only
2026-08-20T17:48:19.953+09:00 DEBUG 8108 --- [InnerDerma] [  restartedMain] org.hibernate.SQL                        : 
    insert 
    into
        products
        (active, application_method, brand, category, demo_product, display_priority, image_url, ingredients_highlight_json, name, official_url, price, product_code, safety_attention_compatible, skin_state_tags_json, source, target_concern, usage_instruction, verified_claims_json, id) 
    values
        (?, ?, ?, ?, ?, ?, ?, ?, ?, ?, ?, ?, ?, ?, ?, ?, ?, ?, default)
Hibernate: 
    insert 
    into
        products
        (active, application_method, brand, category, demo_product, display_priority, image_url, ingredients_highlight_json, name, official_url, price, product_code, safety_attention_compatible, skin_state_tags_json, source, target_concern, usage_instruction, verified_claims_json, id) 
    values
        (?, ?, ?, ?, ?, ?, ?, ?, ?, ?, ?, ?, ?, ?, ?, ?, ?, ?, default)
2026-08-20T17:48:19.954+09:00 DEBUG 8108 --- [InnerDerma] [  restartedMain] org.hibernate.SQL                        : 
    select
        p1_0.id 
    from
        products p1_0 
    where
        p1_0.product_code=? 
    fetch
        first ? rows only
Hibernate: 
    select
        p1_0.id 
    from
        products p1_0 
    where
        p1_0.product_code=? 
    fetch
        first ? rows only
2026-08-20T17:48:19.954+09:00 DEBUG 8108 --- [InnerDerma] [  restartedMain] org.hibernate.SQL                        : 
    insert 
    into
        products
        (active, application_method, brand, category, demo_product, display_priority, image_url, ingredients_highlight_json, name, official_url, price, product_code, safety_attention_compatible, skin_state_tags_json, source, target_concern, usage_instruction, verified_claims_json, id) 
    values
        (?, ?, ?, ?, ?, ?, ?, ?, ?, ?, ?, ?, ?, ?, ?, ?, ?, ?, default)
Hibernate: 
    insert 
    into
        products
        (active, application_method, brand, category, demo_product, display_priority, image_url, ingredients_highlight_json, name, official_url, price, product_code, safety_attention_compatible, skin_state_tags_json, source, target_concern, usage_instruction, verified_claims_json, id) 
    values
        (?, ?, ?, ?, ?, ?, ?, ?, ?, ?, ?, ?, ?, ?, ?, ?, ?, ?, default)
2026-08-20T17:48:19.954+09:00 DEBUG 8108 --- [InnerDerma] [  restartedMain] org.hibernate.SQL                        : 
    select
        p1_0.id 
    from
        products p1_0 
    where
        p1_0.product_code=? 
    fetch
        first ? rows only
Hibernate: 
    select
        p1_0.id 
    from
        products p1_0 
    where
        p1_0.product_code=? 
    fetch
        first ? rows only
2026-08-20T17:48:19.954+09:00 DEBUG 8108 --- [InnerDerma] [  restartedMain] org.hibernate.SQL                        : 
    insert 
    into
        products
        (active, application_method, brand, category, demo_product, display_priority, image_url, ingredients_highlight_json, name, official_url, price, product_code, safety_attention_compatible, skin_state_tags_json, source, target_concern, usage_instruction, verified_claims_json, id) 
    values
        (?, ?, ?, ?, ?, ?, ?, ?, ?, ?, ?, ?, ?, ?, ?, ?, ?, ?, default)
Hibernate: 
    insert 
    into
        products
        (active, application_method, brand, category, demo_product, display_priority, image_url, ingredients_highlight_json, name, official_url, price, product_code, safety_attention_compatible, skin_state_tags_json, source, target_concern, usage_instruction, verified_claims_json, id) 
    values
        (?, ?, ?, ?, ?, ?, ?, ?, ?, ?, ?, ?, ?, ?, ?, ?, ?, ?, default)
2026-08-20T17:48:19.954+09:00 DEBUG 8108 --- [InnerDerma] [  restartedMain] org.hibernate.SQL                        : 
    select
        p1_0.id 
    from
        products p1_0 
    where
        p1_0.product_code=? 
    fetch
        first ? rows only
Hibernate: 
    select
        p1_0.id 
    from
        products p1_0 
    where
        p1_0.product_code=? 
    fetch
        first ? rows only
2026-08-20T17:48:19.954+09:00 DEBUG 8108 --- [InnerDerma] [  restartedMain] org.hibernate.SQL                        : 
    insert 
    into
        products
        (active, application_method, brand, category, demo_product, display_priority, image_url, ingredients_highlight_json, name, official_url, price, product_code, safety_attention_compatible, skin_state_tags_json, source, target_concern, usage_instruction, verified_claims_json, id) 
    values
        (?, ?, ?, ?, ?, ?, ?, ?, ?, ?, ?, ?, ?, ?, ?, ?, ?, ?, default)
Hibernate: 
    insert 
    into
        products
        (active, application_method, brand, category, demo_product, display_priority, image_url, ingredients_highlight_json, name, official_url, price, product_code, safety_attention_compatible, skin_state_tags_json, source, target_concern, usage_instruction, verified_claims_json, id) 
    values
        (?, ?, ?, ?, ?, ?, ?, ?, ?, ?, ?, ?, ?, ?, ?, ?, ?, ?, default)
2026-08-20T17:48:19.971+09:00 DEBUG 8108 --- [InnerDerma] [  restartedMain] org.hibernate.SQL                        : 
    select
        p1_0.id 
    from
        products p1_0 
    where
        p1_0.product_code=? 
    fetch
        first ? rows only
Hibernate: 
    select
        p1_0.id 
    from
        products p1_0 
    where
        p1_0.product_code=? 
    fetch
        first ? rows only
2026-08-20T17:48:19.984+09:00 DEBUG 8108 --- [InnerDerma] [  restartedMain] org.hibernate.SQL                        : 
    insert 
    into
        products
        (active, application_method, brand, category, demo_product, display_priority, image_url, ingredients_highlight_json, name, official_url, price, product_code, safety_attention_compatible, skin_state_tags_json, source, target_concern, usage_instruction, verified_claims_json, id) 
    values
        (?, ?, ?, ?, ?, ?, ?, ?, ?, ?, ?, ?, ?, ?, ?, ?, ?, ?, default)
Hibernate: 
    insert 
    into
        products
        (active, application_method, brand, category, demo_product, display_priority, image_url, ingredients_highlight_json, name, official_url, price, product_code, safety_attention_compatible, skin_state_tags_json, source, target_concern, usage_instruction, verified_claims_json, id) 
    values
        (?, ?, ?, ?, ?, ?, ?, ?, ?, ?, ?, ?, ?, ?, ?, ?, ?, ?, default)
2026-08-20T17:48:19.991+09:00  WARN 8108 --- [InnerDerma] [  restartedMain] org.hibernate.orm.jdbc.error             : HHH000247: ErrorCode: 23502, SQLState: 23502
2026-08-20T17:48:19.991+09:00  WARN 8108 --- [InnerDerma] [  restartedMain] org.hibernate.orm.jdbc.error             : NULL not allowed for column "BRAND"; SQL statement:
insert into products (active,application_method,brand,category,demo_product,display_priority,image_url,ingredients_highlight_json,name,official_url,price,product_code,safety_attention_compatible,skin_state_tags_json,source,target_concern,usage_instruction,verified_claims_json,id) values (?,?,?,?,?,?,?,?,?,?,?,?,?,?,?,?,?,?,default) [23502-240]
2026-08-20T17:48:19.998+09:00 DEBUG 8108 --- [InnerDerma] [  restartedMain] o.s.boot.devtools.restart.Restarter      : Creating new Restarter for thread Thread[#1,main,5,main]
2026-08-20T17:48:19.998+09:00 DEBUG 8108 --- [InnerDerma] [  restartedMain] o.s.boot.devtools.restart.Restarter      : Immediately restarting application
2026-08-20T17:48:19.998+09:00 DEBUG 8108 --- [InnerDerma] [  restartedMain] o.s.boot.devtools.restart.Restarter      : Starting application com.innerderma.InnerDermaApplication with URLs [file:/C:/dev/InnerDerma/build/classes/java/main/, file:/C:/dev/InnerDerma/build/resources/main/]
2026-08-20T17:48:19.998+09:00 DEBUG 8108 --- [InnerDerma] [  restartedMain] .s.b.a.l.ConditionEvaluationReportLogger : 


============================
CONDITIONS EVALUATION REPORT
============================


Positive matches:
-----------------

   AopAutoConfiguration matched:
      - @ConditionalOnBooleanProperty (spring.aop.auto=true) matched (OnPropertyCondition)

   AopAutoConfiguration.AspectJAutoProxyingConfiguration matched:
      - @ConditionalOnClass found required class 'org.aspectj.weaver.Advice' (OnClassCondition)

   AopAutoConfiguration.AspectJAutoProxyingConfiguration.CglibAutoProxyConfiguration matched:
      - @ConditionalOnBooleanProperty (spring.aop.proxy-target-class=true) matched (OnPropertyCondition)

   ApplicationAvailabilityAutoConfiguration#applicationAvailability matched:
      - @ConditionalOnMissingBean (types: org.springframework.boot.availability.ApplicationAvailability; SearchStrategy: all) did not find any beans (OnBeanCondition)

   AvailabilityHealthContributorAutoConfiguration matched:
      - @ConditionalOnClass found required class 'org.springframework.boot.health.contributor.Health' (OnClassCondition)

   AvailabilityProbesAutoConfiguration matched:
      - @ConditionalOnClass found required class 'org.springframework.boot.actuate.endpoint.annotation.Endpoint' (OnClassCondition)
      - @ConditionalOnBooleanProperty (management.endpoint.health.probes.enabled=true) matched (OnPropertyCondition)

   AvailabilityProbesAutoConfiguration#livenessStateHealthIndicator matched:
      - @ConditionalOnMissingBean (names: livenessStateHealthIndicator; SearchStrategy: all) did not find any beans (OnBeanCondition)

   AvailabilityProbesAutoConfiguration#readinessStateHealthIndicator matched:
      - @ConditionalOnMissingBean (names: readinessStateHealthIndicator; SearchStrategy: all) did not find any beans (OnBeanCondition)

   CompositeMeterRegistryAutoConfiguration matched:
      - @ConditionalOnClass found required class 'io.micrometer.core.instrument.composite.CompositeMeterRegistry' (OnClassCondition)

   DataJpaRepositoriesAutoConfiguration matched:
      - @ConditionalOnClass found required class 'org.springframework.data.jpa.repository.JpaRepository' (OnClassCondition)
      - @ConditionalOnBooleanProperty (spring.data.jpa.repositories.enabled=true) matched (OnPropertyCondition)
      - @ConditionalOnBean (types: javax.sql.DataSource; SearchStrategy: all) found bean 'dataSource'; @ConditionalOnMissingBean (types: org.springframework.data.jpa.repository.support.JpaRepositoryFactoryBean,org.springframework.data.jpa.repository.config.JpaRepositoryConfigExtension; SearchStrategy: all) did not find any beans (OnBeanCondition)

   DataRepositoryMetricsAutoConfiguration matched:
      - @ConditionalOnClass found required class 'org.springframework.data.repository.Repository' (OnClassCondition)
      - @ConditionalOnBean (types: io.micrometer.core.instrument.MeterRegistry; SearchStrategy: all) found bean 'simpleMeterRegistry' (OnBeanCondition)

   DataRepositoryMetricsAutoConfiguration#metricsRepositoryMethodInvocationListener matched:
      - @ConditionalOnMissingBean (types: org.springframework.boot.data.metrics.MetricsRepositoryMethodInvocationListener; SearchStrategy: all) did not find any beans (OnBeanCondition)

   DataRepositoryMetricsAutoConfiguration#repositoryTagsProvider matched:
      - @ConditionalOnMissingBean (types: org.springframework.boot.data.metrics.RepositoryTagsProvider; SearchStrategy: all) did not find any beans (OnBeanCondition)

   DataSourceAutoConfiguration matched:
      - @ConditionalOnClass found required classes 'javax.sql.DataSource', 'org.springframework.jdbc.datasource.embedded.EmbeddedDatabaseType' (OnClassCondition)
      - @ConditionalOnMissingBean (types: io.r2dbc.spi.ConnectionFactory; SearchStrategy: all) did not find any beans (OnBeanCondition)

   DataSourceAutoConfiguration.PooledDataSourceConfiguration matched:
      - AnyNestedCondition 1 matched 1 did not; NestedCondition on DataSourceAutoConfiguration.PooledDataSourceCondition.PooledDataSourceAvailable PooledDataSource found supported DataSource; NestedCondition on DataSourceAutoConfiguration.PooledDataSourceCondition.ExplicitType @ConditionalOnProperty (spring.datasource.type) did not find property 'spring.datasource.type' (DataSourceAutoConfiguration.PooledDataSourceCondition)
      - @ConditionalOnMissingBean (types: javax.sql.DataSource,javax.sql.XADataSource; SearchStrategy: all) did not find any beans (OnBeanCondition)

   DataSourceAutoConfiguration.PooledDataSourceConfiguration#jdbcConnectionDetails matched:
      - @ConditionalOnMissingBean (types: org.springframework.boot.jdbc.autoconfigure.JdbcConnectionDetails; SearchStrategy: all) did not find any beans (OnBeanCondition)

   DataSourceConfiguration.Hikari matched:
      - @ConditionalOnClass found required class 'com.zaxxer.hikari.HikariDataSource' (OnClassCondition)
      - @ConditionalOnProperty (spring.datasource.type=com.zaxxer.hikari.HikariDataSource) matched (OnPropertyCondition)
      - @ConditionalOnMissingBean (types: javax.sql.DataSource; SearchStrategy: all) did not find any beans (OnBeanCondition)

   DataSourceHealthContributorAutoConfiguration matched:
      - @ConditionalOnClass found required classes 'org.springframework.jdbc.core.JdbcTemplate', 'org.springframework.jdbc.datasource.lookup.AbstractRoutingDataSource', 'org.springframework.boot.health.autoconfigure.contributor.ConditionalOnEnabledHealthIndicator' (OnClassCondition)
      - @ConditionalOnEnabledHealthIndicator management.health.defaults.enabled is considered true (OnEnabledHealthIndicatorCondition)
      - @ConditionalOnBean (types: javax.sql.DataSource; SearchStrategy: all) found bean 'dataSource' (OnBeanCondition)

   DataSourceHealthContributorAutoConfiguration#dbHealthContributor matched:
      - @ConditionalOnMissingBean (names: dbHealthIndicator,dbHealthContributor; SearchStrategy: all) did not find any beans (OnBeanCondition)

   DataSourceInitializationAutoConfiguration matched:
      - @ConditionalOnClass found required class 'org.springframework.jdbc.datasource.init.DatabasePopulator' (OnClassCondition)
      - SQL InitializationDatabase Initialization default value is EMBEDDED (OnSqlInitializationCondition)
      - @ConditionalOnSingleCandidate (types: javax.sql.DataSource; SearchStrategy: all) found a single bean 'dataSource'; @ConditionalOnMissingBean (types: org.springframework.boot.sql.autoconfigure.init.ApplicationScriptDatabaseInitializer; SearchStrategy: all) did not find any beans (OnBeanCondition)

   DataSourcePoolMetadataProvidersConfiguration.HikariPoolDataSourceMetadataProviderConfiguration matched:
      - @ConditionalOnClass found required class 'com.zaxxer.hikari.HikariDataSource' (OnClassCondition)

   DataSourcePoolMetricsAutoConfiguration matched:
      - @ConditionalOnClass found required classes 'javax.sql.DataSource', 'io.micrometer.core.instrument.MeterRegistry' (OnClassCondition)
      - @ConditionalOnBean (types: javax.sql.DataSource,io.micrometer.core.instrument.MeterRegistry; SearchStrategy: all) found beans 'simpleMeterRegistry', 'dataSource' (OnBeanCondition)

   DataSourcePoolMetricsAutoConfiguration.DataSourcePoolMetadataMetricsConfiguration matched:
      - @ConditionalOnBean (types: org.springframework.boot.jdbc.metadata.DataSourcePoolMetadataProvider; SearchStrategy: all) found bean 'hikariPoolDataSourceMetadataProvider' (OnBeanCondition)

   DataSourcePoolMetricsAutoConfiguration.HikariDataSourceMetricsConfiguration matched:
      - @ConditionalOnClass found required class 'com.zaxxer.hikari.HikariDataSource' (OnClassCondition)

   DataSourceTransactionManagerAutoConfiguration matched:
      - @ConditionalOnClass found required classes 'javax.sql.DataSource', 'org.springframework.jdbc.core.JdbcTemplate', 'org.springframework.transaction.TransactionManager' (OnClassCondition)

   DataSourceTransactionManagerAutoConfiguration.JdbcTransactionManagerConfiguration matched:
      - @ConditionalOnSingleCandidate (types: javax.sql.DataSource; SearchStrategy: all) found a single bean 'dataSource' (OnBeanCondition)

   DataWebAutoConfiguration matched:
      - @ConditionalOnClass found required classes 'org.springframework.data.web.PageableHandlerMethodArgumentResolver', 'org.springframework.web.servlet.config.annotation.WebMvcConfigurer' (OnClassCondition)
      - found 'session' scope (OnWebApplicationCondition)
      - @ConditionalOnMissingBean (types: org.springframework.data.web.PageableHandlerMethodArgumentResolver; SearchStrategy: all) did not find any beans (OnBeanCondition)

   DataWebAutoConfiguration#pageableCustomizer matched:
      - @ConditionalOnMissingBean (types: org.springframework.data.web.config.PageableHandlerMethodArgumentResolverCustomizer; SearchStrategy: all) did not find any beans (OnBeanCondition)

   DataWebAutoConfiguration#sortCustomizer matched:
      - @ConditionalOnMissingBean (types: org.springframework.data.web.config.SortHandlerMethodArgumentResolverCustomizer; SearchStrategy: all) did not find any beans (OnBeanCondition)

   DataWebAutoConfiguration#springDataWebSettings matched:
      - @ConditionalOnMissingBean (types: org.springframework.data.web.config.SpringDataWebSettings; SearchStrategy: all) did not find any beans (OnBeanCondition)

   DevToolsDataSourceAutoConfiguration matched:
      - @ConditionalOnClass found required class 'javax.sql.DataSource' (OnClassCondition)
      - Devtools devtools enabled. (OnEnabledDevToolsCondition)
      - DevTools DataSource Condition found auto-configured DataSource (DevToolsDataSourceAutoConfiguration.DevToolsDataSourceCondition)

   DevToolsDataSourceAutoConfiguration.DatabaseShutdownExecutorEntityManagerFactoryDependsOnConfiguration matched:
      - @ConditionalOnClass found required classes 'org.springframework.boot.jpa.autoconfigure.EntityManagerFactoryDependsOnPostProcessor', 'org.springframework.orm.jpa.LocalContainerEntityManagerFactoryBean' (OnClassCondition)
      - @ConditionalOnBean (types: org.springframework.orm.jpa.AbstractEntityManagerFactoryBean; SearchStrategy: all) found bean '&entityManagerFactory' (OnBeanCondition)

   DiskSpaceHealthContributorAutoConfiguration matched:
      - @ConditionalOnClass found required class 'org.springframework.boot.health.contributor.Health' (OnClassCondition)
      - @ConditionalOnEnabledHealthIndicator management.health.defaults.enabled is considered true (OnEnabledHealthIndicatorCondition)

   DiskSpaceHealthContributorAutoConfiguration#diskSpaceHealthIndicator matched:
      - @ConditionalOnMissingBean (names: diskSpaceHealthIndicator; SearchStrategy: all) did not find any beans (OnBeanCondition)

   DispatcherServletAutoConfiguration matched:
      - @ConditionalOnClass found required class 'org.springframework.web.servlet.DispatcherServlet' (OnClassCondition)
      - found 'session' scope (OnWebApplicationCondition)

   DispatcherServletAutoConfiguration.DispatcherServletConfiguration matched:
      - @ConditionalOnClass found required class 'jakarta.servlet.ServletRegistration' (OnClassCondition)
      - Default DispatcherServlet did not find dispatcher servlet beans (DispatcherServletAutoConfiguration.DefaultDispatcherServletCondition)

   DispatcherServletAutoConfiguration.DispatcherServletRegistrationConfiguration matched:
      - @ConditionalOnClass found required class 'jakarta.servlet.ServletRegistration' (OnClassCondition)
      - DispatcherServlet Registration did not find servlet registration bean (DispatcherServletAutoConfiguration.DispatcherServletRegistrationCondition)

   DispatcherServletAutoConfiguration.DispatcherServletRegistrationConfiguration#dispatcherServletRegistration matched:
      - @ConditionalOnBean (names: dispatcherServlet types: org.springframework.web.servlet.DispatcherServlet; SearchStrategy: all) found bean 'dispatcherServlet' (OnBeanCondition)

   EndpointAutoConfiguration#endpointCachingOperationInvokerAdvisor matched:
      - @ConditionalOnMissingBean (types: org.springframework.boot.actuate.endpoint.invoker.cache.CachingOperationInvokerAdvisor; SearchStrategy: all) did not find any beans (OnBeanCondition)

   EndpointAutoConfiguration#endpointOperationParameterMapper matched:
      - @ConditionalOnMissingBean (types: org.springframework.boot.actuate.endpoint.invoke.ParameterValueMapper; SearchStrategy: all) did not find any beans (OnBeanCondition)

   EndpointAutoConfiguration#propertiesEndpointAccessResolver matched:
      - @ConditionalOnMissingBean (types: org.springframework.boot.actuate.endpoint.EndpointAccessResolver; SearchStrategy: all) did not find any beans (OnBeanCondition)

   ErrorMvcAutoConfiguration matched:
      - @ConditionalOnClass found required classes 'jakarta.servlet.Servlet', 'org.springframework.web.servlet.DispatcherServlet' (OnClassCondition)
      - found 'session' scope (OnWebApplicationCondition)

   ErrorMvcAutoConfiguration#basicErrorController matched:
      - @ConditionalOnMissingBean (types: org.springframework.boot.webmvc.error.ErrorController; SearchStrategy: current) did not find any beans (OnBeanCondition)

   ErrorMvcAutoConfiguration#errorAttributes matched:
      - @ConditionalOnMissingBean (types: org.springframework.boot.webmvc.error.ErrorAttributes; SearchStrategy: current) did not find any beans (OnBeanCondition)

   ErrorMvcAutoConfiguration.DefaultErrorViewResolverConfiguration#conventionErrorViewResolver matched:
      - @ConditionalOnBean (types: org.springframework.web.servlet.DispatcherServlet; SearchStrategy: all) found bean 'dispatcherServlet'; @ConditionalOnMissingBean (types: org.springframework.boot.webmvc.autoconfigure.error.ErrorViewResolver; SearchStrategy: all) did not find any beans (OnBeanCondition)

   ErrorMvcAutoConfiguration.WhitelabelErrorViewConfiguration matched:
      - @ConditionalOnBooleanProperty (spring.web.error.whitelabel.enabled=true) matched (OnPropertyCondition)
      - ErrorTemplate Missing did not find error template view (ErrorMvcAutoConfiguration.ErrorTemplateMissingCondition)

   ErrorMvcAutoConfiguration.WhitelabelErrorViewConfiguration#beanNameViewResolver matched:
      - @ConditionalOnMissingBean (types: org.springframework.web.servlet.view.BeanNameViewResolver; SearchStrategy: all) did not find any beans (OnBeanCondition)

   ErrorMvcAutoConfiguration.WhitelabelErrorViewConfiguration#defaultErrorView matched:
      - @ConditionalOnMissingBean (names: error; SearchStrategy: all) did not find any beans (OnBeanCondition)

   HealthContributorAutoConfiguration#pingHealthContributor matched:
      - @ConditionalOnEnabledHealthIndicator management.health.defaults.enabled is considered true (OnEnabledHealthIndicatorCondition)

   HealthContributorRegistryAutoConfiguration#healthContributorRegistry matched:
      - @ConditionalOnMissingBean (types: org.springframework.boot.health.registry.HealthContributorRegistry; SearchStrategy: all) did not find any beans (OnBeanCondition)

   HealthEndpointAutoConfiguration matched:
      - @ConditionalOnClass found required class 'org.springframework.boot.actuate.endpoint.annotation.Endpoint' (OnClassCondition)
      - @ConditionalOnAvailableEndpoint marked as exposed by a 'management.endpoints.web.exposure' property (OnAvailableEndpointCondition)
      - @ConditionalOnBean (types: org.springframework.boot.health.registry.HealthContributorRegistry; SearchStrategy: all) found bean 'healthContributorRegistry' (OnBeanCondition)

   HealthEndpointConfiguration#healthEndpoint matched:
      - @ConditionalOnMissingBean (types: org.springframework.boot.health.actuate.endpoint.HealthEndpoint; SearchStrategy: all) did not find any beans (OnBeanCondition)

   HealthEndpointConfiguration#healthEndpointGroupMembershipValidator matched:
      - @ConditionalOnBooleanProperty (management.endpoint.health.validate-group-membership=true) matched (OnPropertyCondition)

   HealthEndpointConfiguration#healthEndpointGroups matched:
      - @ConditionalOnMissingBean (types: org.springframework.boot.health.actuate.endpoint.HealthEndpointGroups; SearchStrategy: all) did not find any beans (OnBeanCondition)

   HealthEndpointConfiguration#healthHttpCodeStatusMapper matched:
      - @ConditionalOnMissingBean (types: org.springframework.boot.health.actuate.endpoint.HttpCodeStatusMapper; SearchStrategy: all) did not find any beans (OnBeanCondition)

   HealthEndpointConfiguration#healthStatusAggregator matched:
      - @ConditionalOnMissingBean (types: org.springframework.boot.health.actuate.endpoint.StatusAggregator; SearchStrategy: all) did not find any beans (OnBeanCondition)

   HealthEndpointWebExtensionConfiguration matched:
      - found 'session' scope (OnWebApplicationCondition)
      - @ConditionalOnAvailableEndpoint marked as exposed by a 'management.endpoints.web.exposure' property (OnAvailableEndpointCondition)
      - @ConditionalOnBean (types: org.springframework.boot.health.actuate.endpoint.HealthEndpoint; SearchStrategy: all) found bean 'healthEndpoint' (OnBeanCondition)

   HealthEndpointWebExtensionConfiguration#healthEndpointWebExtension matched:
      - @ConditionalOnMissingBean (types: org.springframework.boot.health.actuate.endpoint.HealthEndpointWebExtension; SearchStrategy: all) did not find any beans (OnBeanCondition)

   HibernateJpaAutoConfiguration matched:
      - @ConditionalOnClass found required classes 'org.springframework.orm.jpa.LocalContainerEntityManagerFactoryBean', 'jakarta.persistence.EntityManager', 'org.hibernate.engine.spi.SessionImplementor' (OnClassCondition)

   HibernateJpaConfiguration matched:
      - @ConditionalOnSingleCandidate (types: javax.sql.DataSource; SearchStrategy: all) found a single bean 'dataSource' (OnBeanCondition)

   HttpEncodingAutoConfiguration matched:
      - @ConditionalOnClass found required class 'org.springframework.web.filter.CharacterEncodingFilter' (OnClassCondition)
      - found 'session' scope (OnWebApplicationCondition)
      - @ConditionalOnBooleanProperty (spring.servlet.encoding.enabled=true) matched (OnPropertyCondition)

   HttpEncodingAutoConfiguration#characterEncodingFilter matched:
      - @ConditionalOnMissingBean (types: org.springframework.web.filter.CharacterEncodingFilter; SearchStrategy: all) did not find any beans (OnBeanCondition)

   HttpMessageConvertersAutoConfiguration matched:
      - @ConditionalOnClass found required class 'org.springframework.http.converter.HttpMessageConverter' (OnClassCondition)
      - NoneNestedConditions 0 matched 1 did not; NestedCondition on HttpMessageConvertersAutoConfiguration.NotReactiveWebApplicationCondition.ReactiveWebApplication did not find reactive web application classes (HttpMessageConvertersAutoConfiguration.NotReactiveWebApplicationCondition)

   HttpMessageConvertersAutoConfiguration.StringHttpMessageConverterConfiguration#stringHttpMessageConvertersCustomizer matched:
      - @ConditionalOnMissingBean (types: org.springframework.http.converter.StringHttpMessageConverter; SearchStrategy: all) did not find any beans (OnBeanCondition)

   Jackson2EndpointAutoConfiguration matched:
      - @ConditionalOnClass found required classes 'com.fasterxml.jackson.databind.ObjectMapper', 'org.springframework.http.converter.json.Jackson2ObjectMapperBuilder' (OnClassCondition)

   Jackson2EndpointAutoConfiguration#jackson2EndpointJsonMapper matched:
      - @ConditionalOnBooleanProperty (management.endpoints.jackson2.isolated-object-mapper=true) matched (OnPropertyCondition)

   JacksonAutoConfiguration matched:
      - @ConditionalOnClass found required class 'tools.jackson.databind.json.JsonMapper' (OnClassCondition)

   JacksonAutoConfiguration#jacksonJsonMapper matched:
      - @ConditionalOnMissingBean (types: tools.jackson.databind.json.JsonMapper; SearchStrategy: all) did not find any beans (OnBeanCondition)

   JacksonAutoConfiguration#jsonMapperBuilder matched:
      - @ConditionalOnMissingBean (types: tools.jackson.databind.json.JsonMapper$Builder; SearchStrategy: all) did not find any beans (OnBeanCondition)

   JacksonAutoConfiguration.JsonProblemDetailsConfiguration matched:
      - @ConditionalOnClass found required class 'org.springframework.http.ProblemDetail' (OnClassCondition)

   JacksonEndpointAutoConfiguration matched:
      - @ConditionalOnClass found required class 'tools.jackson.databind.json.JsonMapper' (OnClassCondition)

   JacksonEndpointAutoConfiguration#endpointJsonMapper matched:
      - @ConditionalOnBooleanProperty (management.endpoints.jackson.isolated-json-mapper=true) matched (OnPropertyCondition)

   JacksonHttpMessageConvertersConfiguration.JacksonJsonHttpMessageConverterConfiguration matched:
      - @ConditionalOnClass found required class 'tools.jackson.databind.json.JsonMapper' (OnClassCondition)
      - @ConditionalOnProperty (spring.http.converters.preferred-json-mapper=jackson) matched (OnPropertyCondition)
      - @ConditionalOnBean (types: tools.jackson.databind.json.JsonMapper; SearchStrategy: all) found bean 'jacksonJsonMapper' (OnBeanCondition)

   JacksonHttpMessageConvertersConfiguration.JacksonJsonHttpMessageConverterConfiguration#jacksonJsonHttpMessageConvertersCustomizer matched:
      - @ConditionalOnMissingBean (types: org.springframework.http.converter.json.JacksonJsonHttpMessageConverter ignored: org.springframework.hateoas.server.mvc.TypeConstrainedJacksonJsonHttpMessageConverter,org.springframework.data.rest.webmvc.alps.AlpsJacksonJsonHttpMessageConverter; SearchStrategy: all) did not find any beans (OnBeanCondition)

   JdbcClientAutoConfiguration matched:
      - @ConditionalOnSingleCandidate (types: org.springframework.jdbc.core.namedparam.NamedParameterJdbcTemplate; SearchStrategy: all) found a single bean 'namedParameterJdbcTemplate'; @ConditionalOnMissingBean (types: org.springframework.jdbc.core.simple.JdbcClient; SearchStrategy: all) did not find any beans (OnBeanCondition)

   JdbcTemplateAutoConfiguration matched:
      - @ConditionalOnClass found required classes 'javax.sql.DataSource', 'org.springframework.jdbc.core.JdbcTemplate' (OnClassCondition)
      - @ConditionalOnSingleCandidate (types: javax.sql.DataSource; SearchStrategy: all) found a single bean 'dataSource' (OnBeanCondition)

   JdbcTemplateConfiguration matched:
      - @ConditionalOnMissingBean (types: org.springframework.jdbc.core.JdbcOperations; SearchStrategy: all) did not find any beans (OnBeanCondition)

   JpaBaseConfiguration#entityManagerFactory matched:
      - @ConditionalOnMissingBean (types: org.springframework.orm.jpa.LocalContainerEntityManagerFactoryBean,jakarta.persistence.EntityManagerFactory; SearchStrategy: all) did not find any beans (OnBeanCondition)

   JpaBaseConfiguration#entityManagerFactoryBuilder matched:
      - @ConditionalOnMissingBean (types: org.springframework.boot.jpa.EntityManagerFactoryBuilder; SearchStrategy: all) did not find any beans (OnBeanCondition)

   JpaBaseConfiguration#jpaVendorAdapter matched:
      - @ConditionalOnMissingBean (types: org.springframework.orm.jpa.JpaVendorAdapter; SearchStrategy: all) did not find any beans (OnBeanCondition)

   JpaBaseConfiguration#transactionManager matched:
      - @ConditionalOnMissingBean (types: org.springframework.transaction.TransactionManager; SearchStrategy: all) did not find any beans (OnBeanCondition)

   JpaBaseConfiguration.PersistenceManagedTypesConfiguration matched:
      - @ConditionalOnMissingBean (types: org.springframework.orm.jpa.LocalContainerEntityManagerFactoryBean,jakarta.persistence.EntityManagerFactory; SearchStrategy: all) did not find any beans (OnBeanCondition)

   JpaBaseConfiguration.PersistenceManagedTypesConfiguration#persistenceManagedTypes matched:
      - @ConditionalOnMissingBean (types: org.springframework.orm.jpa.persistenceunit.PersistenceManagedTypes; SearchStrategy: all) did not find any beans (OnBeanCondition)

   JtaAutoConfiguration matched:
      - @ConditionalOnClass found required class 'jakarta.transaction.Transaction' (OnClassCondition)
      - @ConditionalOnBooleanProperty (spring.jta.enabled=true) matched (OnPropertyCondition)

   JvmMetricsAutoConfiguration matched:
      - @ConditionalOnClass found required class 'io.micrometer.core.instrument.MeterRegistry' (OnClassCondition)
      - @ConditionalOnBean (types: io.micrometer.core.instrument.MeterRegistry; SearchStrategy: all) found bean 'simpleMeterRegistry' (OnBeanCondition)

   JvmMetricsAutoConfiguration#classLoaderMetrics matched:
      - @ConditionalOnMissingBean (types: io.micrometer.core.instrument.binder.jvm.ClassLoaderMetrics; SearchStrategy: all) did not find any beans (OnBeanCondition)

   JvmMetricsAutoConfiguration#jvmCompilationMetrics matched:
      - @ConditionalOnMissingBean (types: io.micrometer.core.instrument.binder.jvm.JvmCompilationMetrics; SearchStrategy: all) did not find any beans (OnBeanCondition)

   JvmMetricsAutoConfiguration#jvmGcMetrics matched:
      - @ConditionalOnMissingBean (types: io.micrometer.core.instrument.binder.jvm.JvmGcMetrics; SearchStrategy: all) did not find any beans (OnBeanCondition)

   JvmMetricsAutoConfiguration#jvmHeapPressureMetrics matched:
      - @ConditionalOnMissingBean (types: io.micrometer.core.instrument.binder.jvm.JvmHeapPressureMetrics; SearchStrategy: all) did not find any beans (OnBeanCondition)

   JvmMetricsAutoConfiguration#jvmInfoMetrics matched:
      - @ConditionalOnMissingBean (types: io.micrometer.core.instrument.binder.jvm.JvmInfoMetrics; SearchStrategy: all) did not find any beans (OnBeanCondition)

   JvmMetricsAutoConfiguration#jvmMemoryMetrics matched:
      - @ConditionalOnMissingBean (types: io.micrometer.core.instrument.binder.jvm.JvmMemoryMetrics; SearchStrategy: all) did not find any beans (OnBeanCondition)

   JvmMetricsAutoConfiguration#jvmThreadMetrics matched:
      - @ConditionalOnMissingBean (types: io.micrometer.core.instrument.binder.jvm.JvmThreadMetrics; SearchStrategy: all) did not find any beans (OnBeanCondition)

   LifecycleAutoConfiguration#defaultLifecycleProcessor matched:
      - @ConditionalOnMissingBean (names: lifecycleProcessor; SearchStrategy: current) did not find any beans (OnBeanCondition)

   LocalDevToolsAutoConfiguration matched:
      - Initialized Restarter Condition available and initialized (OnInitializedRestarterCondition)

   LogbackMetricsAutoConfiguration matched:
      - @ConditionalOnClass found required classes 'io.micrometer.core.instrument.MeterRegistry', 'ch.qos.logback.classic.LoggerContext', 'org.slf4j.LoggerFactory' (OnClassCondition)
      - LogbackLoggingCondition ILoggerFactory is a Logback LoggerContext (LogbackMetricsAutoConfiguration.LogbackLoggingCondition)
      - @ConditionalOnBean (types: io.micrometer.core.instrument.MeterRegistry; SearchStrategy: all) found bean 'simpleMeterRegistry' (OnBeanCondition)

   LogbackMetricsAutoConfiguration#logbackMetrics matched:
      - @ConditionalOnMissingBean (types: io.micrometer.core.instrument.binder.logging.LogbackMetrics; SearchStrategy: all) did not find any beans (OnBeanCondition)

   ManagementContextAutoConfiguration.SameManagementContextConfiguration matched:
      - Management Port actual port type (SAME) matched required type (OnManagementPortCondition)

   MetricsAutoConfiguration matched:
      - @ConditionalOnClass found required class 'io.micrometer.core.annotation.Timed' (OnClassCondition)

   MetricsAutoConfiguration#micrometerClock matched:
      - @ConditionalOnMissingBean (types: io.micrometer.core.instrument.Clock; SearchStrategy: all) did not find any beans (OnBeanCondition)

   MultipartAutoConfiguration matched:
      - @ConditionalOnClass found required classes 'jakarta.servlet.Servlet', 'org.springframework.web.multipart.support.StandardServletMultipartResolver', 'jakarta.servlet.MultipartConfigElement' (OnClassCondition)
      - found 'session' scope (OnWebApplicationCondition)
      - @ConditionalOnBooleanProperty (spring.servlet.multipart.enabled=true) matched (OnPropertyCondition)

   MultipartAutoConfiguration#multipartConfigElement matched:
      - @ConditionalOnMissingBean (types: jakarta.servlet.MultipartConfigElement; SearchStrategy: all) did not find any beans (OnBeanCondition)

   MultipartAutoConfiguration#multipartResolver matched:
      - @ConditionalOnMissingBean (types: org.springframework.web.multipart.MultipartResolver; SearchStrategy: all) did not find any beans (OnBeanCondition)

   NamedParameterJdbcTemplateConfiguration matched:
      - @ConditionalOnSingleCandidate (types: org.springframework.jdbc.core.JdbcTemplate; SearchStrategy: all) found a single bean 'jdbcTemplate'; @ConditionalOnMissingBean (types: org.springframework.jdbc.core.namedparam.NamedParameterJdbcOperations; SearchStrategy: all) did not find any beans (OnBeanCondition)

   ObservationAutoConfiguration matched:
      - @ConditionalOnClass found required class 'io.micrometer.observation.ObservationRegistry' (OnClassCondition)

   ObservationAutoConfiguration#observationRegistry matched:
      - @ConditionalOnMissingBean (types: io.micrometer.observation.ObservationRegistry; SearchStrategy: all) did not find any beans (OnBeanCondition)

   ObservationAutoConfiguration#spelValueExpressionResolver matched:
      - @ConditionalOnMissingBean (types: io.micrometer.common.annotation.ValueExpressionResolver; SearchStrategy: all) did not find any beans (OnBeanCondition)

   PersistenceExceptionTranslationAutoConfiguration matched:
      - @ConditionalOnClass found required class 'org.springframework.dao.annotation.PersistenceExceptionTranslationPostProcessor' (OnClassCondition)

   PersistenceExceptionTranslationAutoConfiguration#persistenceExceptionTranslationPostProcessor matched:
      - @ConditionalOnBooleanProperty (spring.persistence.exceptiontranslation.enabled=true) matched (OnPropertyCondition)
      - @ConditionalOnMissingBean (types: org.springframework.dao.annotation.PersistenceExceptionTranslationPostProcessor; SearchStrategy: all) did not find any beans (OnBeanCondition)

   PropertyPlaceholderAutoConfiguration#propertySourcesPlaceholderConfigurer matched:
      - @ConditionalOnMissingBean (types: org.springframework.context.support.PropertySourcesPlaceholderConfigurer; SearchStrategy: current) did not find any beans (OnBeanCondition)

   ScheduledTasksObservationAutoConfiguration matched:
      - @ConditionalOnClass found required class 'org.springframework.scheduling.concurrent.ThreadPoolTaskScheduler' (OnClassCondition)
      - @ConditionalOnBean (types: io.micrometer.observation.ObservationRegistry; SearchStrategy: all) found bean 'observationRegistry' (OnBeanCondition)

   ServletEndpointManagementContextConfiguration matched:
      - found 'session' scope (OnWebApplicationCondition)

   ServletManagementContextAutoConfiguration matched:
      - @ConditionalOnClass found required classes 'jakarta.servlet.Servlet', 'org.springframework.boot.actuate.autoconfigure.endpoint.web.WebEndpointProperties' (OnClassCondition)
      - found 'session' scope (OnWebApplicationCondition)

   SimpleMetricsExportAutoConfiguration matched:
      - @ConditionalOnEnabledMetricsExport management.defaults.metrics.export.enabled is considered true (OnMetricsExportEnabledCondition)
      - @ConditionalOnBean (types: io.micrometer.core.instrument.Clock; SearchStrategy: all) found bean 'micrometerClock'; @ConditionalOnMissingBean (types: io.micrometer.core.instrument.MeterRegistry; SearchStrategy: all) did not find any beans (OnBeanCondition)

   SimpleMetricsExportAutoConfiguration#simpleConfig matched:
      - @ConditionalOnMissingBean (types: io.micrometer.core.instrument.simple.SimpleConfig; SearchStrategy: all) did not find any beans (OnBeanCondition)

   SpringDocConfigProperties matched:
      - @ConditionalOnProperty (springdoc.api-docs.enabled) matched (OnPropertyCondition)
      - @ConditionalOnBean (types: org.springdoc.core.configuration.SpringDocConfiguration; SearchStrategy: all) found bean 'org.springdoc.core.configuration.SpringDocConfiguration' (OnBeanCondition)

   SpringDocConfiguration matched:
      - @ConditionalOnWebApplication (required) found 'session' scope (OnWebApplicationCondition)
      - @ConditionalOnProperty (springdoc.api-docs.enabled) matched (OnPropertyCondition)

   SpringDocConfiguration#fileSupportConverter matched:
      - @ConditionalOnMissingBean (types: org.springdoc.core.converters.FileSupportConverter; SearchStrategy: all) did not find any beans (OnBeanCondition)

   SpringDocConfiguration#globalOpenApiCustomizer matched:
      - @ConditionalOnMissingBean (names: globalOpenApiCustomizer; SearchStrategy: all) did not find any beans (OnBeanCondition)

   SpringDocConfiguration#initExtraSchemas matched:
      - @ConditionalOnProperty (springdoc.enable-extra-schemas) matched (OnPropertyCondition)

   SpringDocConfiguration#openAPIBuilder matched:
      - @ConditionalOnMissingBean (types: org.springdoc.core.service.OpenAPIService; SearchStrategy: all) did not find any beans (OnBeanCondition)

   SpringDocConfiguration#operationBuilder matched:
      - @ConditionalOnMissingBean (types: org.springdoc.core.service.OperationService; SearchStrategy: all) did not find any beans (OnBeanCondition)

   SpringDocConfiguration#parameterBuilder matched:
      - @ConditionalOnMissingBean (types: org.springdoc.core.service.GenericParameterService; SearchStrategy: all) did not find any beans (OnBeanCondition)

   SpringDocConfiguration#parameterObjectNamingStrategyCustomizer matched:
      - @ConditionalOnMissingBean (types: org.springdoc.core.customizers.ParameterObjectNamingStrategyCustomizer; SearchStrategy: all) did not find any beans (OnBeanCondition)

   SpringDocConfiguration#polymorphicModelConverter matched:
      - @ConditionalOnProperty (springdoc.model-converters.polymorphic-converter.enabled) matched (OnPropertyCondition)
      - @ConditionalOnMissingBean (types: org.springdoc.core.converters.PolymorphicModelConverter; SearchStrategy: all) did not find any beans (OnBeanCondition)

   SpringDocConfiguration#requestBodyBuilder matched:
      - @ConditionalOnMissingBean (types: org.springdoc.core.service.RequestBodyService; SearchStrategy: all) did not find any beans (OnBeanCondition)

   SpringDocConfiguration#responseSupportConverter matched:
      - @ConditionalOnMissingBean (types: org.springdoc.core.converters.ResponseSupportConverter; SearchStrategy: all) did not find any beans (OnBeanCondition)

   SpringDocConfiguration#schemaPropertyDeprecatingConverter matched:
      - @ConditionalOnProperty (springdoc.model-converters.deprecating-converter.enabled) matched (OnPropertyCondition)
      - @ConditionalOnMissingBean (types: org.springdoc.core.converters.SchemaPropertyDeprecatingConverter; SearchStrategy: all) did not find any beans (OnBeanCondition)

   SpringDocConfiguration#securityParser matched:
      - @ConditionalOnMissingBean (types: org.springdoc.core.service.SecurityService; SearchStrategy: all) did not find any beans (OnBeanCondition)

   SpringDocConfiguration#springDocCustomizers matched:
      - @ConditionalOnMissingBean (types: org.springdoc.core.customizers.SpringDocCustomizers; SearchStrategy: all) did not find any beans (OnBeanCondition)

   SpringDocConfiguration#springDocProviders matched:
      - @ConditionalOnMissingBean (types: org.springdoc.core.providers.SpringDocProviders; SearchStrategy: all) did not find any beans (OnBeanCondition)

   SpringDocConfiguration#springdocObjectMapperProvider matched:
      - @ConditionalOnMissingBean (types: org.springdoc.core.providers.ObjectMapperProvider; SearchStrategy: all) did not find any beans (OnBeanCondition)

   SpringDocConfiguration.QuerydslProvider matched:
      - @ConditionalOnClass found required class 'org.springframework.data.querydsl.binding.QuerydslBindingsFactory' (OnClassCondition)

   SpringDocConfiguration.QuerydslProvider#queryDslQuerydslPredicateOperationCustomizer matched:
      - @ConditionalOnMissingBean (types: org.springdoc.core.customizers.QuerydslPredicateOperationCustomizer; SearchStrategy: all) did not find any beans (OnBeanCondition)

   SpringDocConfiguration.WebConversionServiceConfiguration matched:
      - @ConditionalOnClass found required class 'org.springframework.boot.autoconfigure.web.format.WebConversionService' (OnClassCondition)

   SpringDocPageableConfiguration matched:
      - @ConditionalOnClass found required class 'org.springframework.data.domain.Pageable' (OnClassCondition)
      - @ConditionalOnWebApplication (required) found 'session' scope (OnWebApplicationCondition)
      - @ConditionalOnProperty (springdoc.api-docs.enabled) matched (OnPropertyCondition)
      - @ConditionalOnBean (types: org.springdoc.core.configuration.SpringDocConfiguration; SearchStrategy: all) found bean 'org.springdoc.core.configuration.SpringDocConfiguration' (OnBeanCondition)

   SpringDocPageableConfiguration#dataRestDelegatingMethodParameterCustomizer matched:
      - @ConditionalOnMissingBean (types: org.springdoc.core.customizers.DataRestDelegatingMethodParameterCustomizer; SearchStrategy: all) did not find any beans (OnBeanCondition)

   SpringDocPageableConfiguration#pageOpenAPIConverter matched:
      - @ConditionalOnClass found required classes 'org.springframework.data.web.PagedModel', 'org.springframework.data.web.config.SpringDataWebSettings' (OnClassCondition)
      - @ConditionalOnMissingBean (types: org.springdoc.core.converters.PageOpenAPIConverter; SearchStrategy: all) did not find any beans (OnBeanCondition)

   SpringDocPageableConfiguration#pageableOpenAPIConverter matched:
      - @ConditionalOnProperty (springdoc.model-converters.pageable-converter.enabled) matched (OnPropertyCondition)
      - @ConditionalOnMissingBean (types: org.springdoc.core.converters.PageableOpenAPIConverter; SearchStrategy: all) did not find any beans (OnBeanCondition)

   SpringDocSortConfiguration matched:
      - @ConditionalOnClass found required class 'org.springframework.data.domain.Sort' (OnClassCondition)
      - @ConditionalOnWebApplication (required) found 'session' scope (OnWebApplicationCondition)
      - @ConditionalOnProperty (springdoc.api-docs.enabled) matched (OnPropertyCondition)
      - @ConditionalOnBean (types: org.springdoc.core.configuration.SpringDocConfiguration; SearchStrategy: all) found bean 'org.springdoc.core.configuration.SpringDocConfiguration' (OnBeanCondition)

   SpringDocSortConfiguration#sortOpenAPIConverter matched:
      - @ConditionalOnProperty (springdoc.sort-converter.enabled) matched (OnPropertyCondition)
      - @ConditionalOnMissingBean (types: org.springdoc.core.converters.SortOpenAPIConverter; SearchStrategy: all) did not find any beans (OnBeanCondition)

   SpringDocWebMvcConfiguration matched:
      - found 'session' scope (OnWebApplicationCondition)
      - @ConditionalOnProperty (springdoc.api-docs.enabled) matched (OnPropertyCondition)
      - @ConditionalOnBean (types: org.springdoc.core.configuration.SpringDocConfiguration; SearchStrategy: all) found bean 'org.springdoc.core.configuration.SpringDocConfiguration' (OnBeanCondition)

   SpringDocWebMvcConfiguration#openApiResource matched:
      - @ConditionalOnExpression (#{(${springdoc.use-management-port:false} == false ) and ${springdoc.enable-default-api-docs:true}}) resulted in true (OnExpressionCondition)
      - @ConditionalOnMissingBean (types: org.springdoc.webmvc.api.OpenApiWebMvcResource; SearchStrategy: all) did not find any beans (OnBeanCondition)

   SpringDocWebMvcConfiguration#requestBuilder matched:
      - @ConditionalOnMissingBean (types: org.springdoc.webmvc.core.service.RequestService; SearchStrategy: all) did not find any beans (OnBeanCondition)

   SpringDocWebMvcConfiguration#responseBuilder matched:
      - @ConditionalOnMissingBean (types: org.springdoc.core.service.GenericResponseService; SearchStrategy: all) did not find any beans (OnBeanCondition)

   SpringDocWebMvcConfiguration#springWebProvider matched:
      - @ConditionalOnMissingBean (types: org.springdoc.core.providers.SpringWebProvider; SearchStrategy: all) did not find any beans (OnBeanCondition)

   SpringDocWebMvcConfiguration.SpringDocWebMvcRouterConfiguration matched:
      - @ConditionalOnClass found required class 'org.springframework.web.servlet.function.RouterFunction' (OnClassCondition)

   SpringDocWebMvcConfiguration.SpringDocWebMvcRouterConfiguration#routerFunctionProvider matched:
      - @ConditionalOnMissingBean (types: org.springdoc.webmvc.core.providers.RouterFunctionWebMvcProvider; SearchStrategy: all) did not find any beans (OnBeanCondition)

   SslAutoConfiguration#sslBundleRegistry matched:
      - @ConditionalOnMissingBean (types: org.springframework.boot.ssl.SslBundleRegistry,org.springframework.boot.ssl.SslBundles; SearchStrategy: all) did not find any beans (OnBeanCondition)

   SslHealthContributorAutoConfiguration matched:
      - @ConditionalOnClass found required class 'org.springframework.boot.health.contributor.Health' (OnClassCondition)
      - @ConditionalOnEnabledHealthIndicator management.health.defaults.enabled is considered true (OnEnabledHealthIndicatorCondition)

   SslHealthContributorAutoConfiguration#sslHealthIndicator matched:
      - @ConditionalOnMissingBean (names: sslHealthIndicator; SearchStrategy: all) did not find any beans (OnBeanCondition)

   SslHealthContributorAutoConfiguration#sslInfo matched:
      - @ConditionalOnMissingBean (types: org.springframework.boot.info.SslInfo; SearchStrategy: all) did not find any beans (OnBeanCondition)

   SslMetricsAutoConfiguration matched:
      - @ConditionalOnClass found required class 'io.micrometer.core.instrument.MeterRegistry' (OnClassCondition)
      - @ConditionalOnBean (types: io.micrometer.core.instrument.MeterRegistry,org.springframework.boot.ssl.SslBundles; SearchStrategy: all) found beans 'sslBundleRegistry', 'simpleMeterRegistry' (OnBeanCondition)

   StartupTimeMetricsListenerAutoConfiguration matched:
      - @ConditionalOnClass found required class 'io.micrometer.core.instrument.MeterRegistry' (OnClassCondition)
      - @ConditionalOnBean (types: io.micrometer.core.instrument.MeterRegistry; SearchStrategy: all) found bean 'simpleMeterRegistry' (OnBeanCondition)

   StartupTimeMetricsListenerAutoConfiguration#startupTimeMetrics matched:
      - @ConditionalOnMissingBean (types: org.springframework.boot.micrometer.metrics.startup.StartupTimeMetricsListener; SearchStrategy: all) did not find any beans (OnBeanCondition)

   SwaggerConfig matched:
      - found 'session' scope (OnWebApplicationCondition)
      - @ConditionalOnProperty (springdoc.swagger-ui.enabled) matched (OnPropertyCondition)
      - @ConditionalOnBean (types: org.springdoc.core.configuration.SpringDocConfiguration; SearchStrategy: all) found bean 'org.springdoc.core.configuration.SpringDocConfiguration' (OnBeanCondition)

   SwaggerConfig#indexPageTransformer matched:
      - @ConditionalOnMissingBean (types: org.springdoc.webmvc.ui.SwaggerIndexTransformer; SearchStrategy: all) did not find any beans (OnBeanCondition)

   SwaggerConfig#swaggerConfigResource matched:
      - @ConditionalOnProperty (springdoc.use-management-port=false) matched (OnPropertyCondition)
      - @ConditionalOnMissingBean (types: org.springdoc.webmvc.ui.SwaggerConfigResource; SearchStrategy: all) did not find any beans (OnBeanCondition)

   SwaggerConfig#swaggerResourceResolver matched:
      - @ConditionalOnMissingBean (types: org.springdoc.webmvc.ui.SwaggerResourceResolver; SearchStrategy: all) did not find any beans (OnBeanCondition)

   SwaggerConfig#swaggerWebMvcConfigurer matched:
      - @ConditionalOnMissingBean (types: org.springdoc.webmvc.ui.SwaggerWebMvcConfigurer; SearchStrategy: all) did not find any beans (OnBeanCondition)

   SwaggerConfig#swaggerWelcome matched:
      - @ConditionalOnProperty (springdoc.use-management-port=false) matched (OnPropertyCondition)
      - @ConditionalOnMissingBean (types: org.springdoc.webmvc.ui.SwaggerWelcomeWebMvc; SearchStrategy: all) did not find any beans (OnBeanCondition)

   SwaggerUiConfigProperties matched:
      - @ConditionalOnProperty (springdoc.swagger-ui.enabled) matched (OnPropertyCondition)
      - @ConditionalOnBean (types: org.springdoc.core.configuration.SpringDocConfiguration; SearchStrategy: all) found bean 'org.springdoc.core.configuration.SpringDocConfiguration' (OnBeanCondition)

   SwaggerUiOAuthProperties matched:
      - @ConditionalOnProperty (springdoc.swagger-ui.enabled) matched (OnPropertyCondition)
      - @ConditionalOnBean (types: org.springdoc.core.configuration.SpringDocConfiguration; SearchStrategy: all) found bean 'org.springdoc.core.configuration.SpringDocConfiguration' (OnBeanCondition)

   SystemMetricsAutoConfiguration matched:
      - @ConditionalOnClass found required class 'io.micrometer.core.instrument.MeterRegistry' (OnClassCondition)
      - @ConditionalOnBean (types: io.micrometer.core.instrument.MeterRegistry; SearchStrategy: all) found bean 'simpleMeterRegistry' (OnBeanCondition)

   SystemMetricsAutoConfiguration#diskSpaceMetrics matched:
      - @ConditionalOnMissingBean (types: org.springframework.boot.micrometer.metrics.system.DiskSpaceMetricsBinder; SearchStrategy: all) did not find any beans (OnBeanCondition)

   SystemMetricsAutoConfiguration#fileDescriptorMetrics matched:
      - @ConditionalOnMissingBean (types: io.micrometer.core.instrument.binder.system.FileDescriptorMetrics; SearchStrategy: all) did not find any beans (OnBeanCondition)

   SystemMetricsAutoConfiguration#processorMetrics matched:
      - @ConditionalOnMissingBean (types: io.micrometer.core.instrument.binder.system.ProcessorMetrics; SearchStrategy: all) did not find any beans (OnBeanCondition)

   SystemMetricsAutoConfiguration#uptimeMetrics matched:
      - @ConditionalOnMissingBean (types: io.micrometer.core.instrument.binder.system.UptimeMetrics; SearchStrategy: all) did not find any beans (OnBeanCondition)

   TaskExecutionAutoConfiguration matched:
      - @ConditionalOnClass found required class 'org.springframework.scheduling.concurrent.ThreadPoolTaskExecutor' (OnClassCondition)

   TaskExecutorConfigurations.AsyncConfigurerConfiguration matched:
      - @ConditionalOnMissingBean (types: org.springframework.scheduling.annotation.AsyncConfigurer; SearchStrategy: all) did not find any beans (OnBeanCondition)

   TaskExecutorConfigurations.SimpleAsyncTaskExecutorBuilderConfiguration#simpleAsyncTaskExecutorBuilder matched:
      - @ConditionalOnMissingBean (types: org.springframework.boot.task.SimpleAsyncTaskExecutorBuilder; SearchStrategy: all) did not find any beans (OnBeanCondition)
      - @ConditionalOnThreading found PLATFORM (OnThreadingCondition)

   TaskExecutorConfigurations.TaskExecutorConfiguration matched:
      - AnyNestedCondition 1 matched 1 did not; NestedCondition on TaskExecutorConfigurations.OnExecutorCondition.ModelCondition @ConditionalOnProperty (spring.task.execution.mode=force) did not find property 'spring.task.execution.mode'; NestedCondition on TaskExecutorConfigurations.OnExecutorCondition.ExecutorBeanCondition @ConditionalOnMissingBean (types: java.util.concurrent.Executor; SearchStrategy: all) did not find any beans (TaskExecutorConfigurations.OnExecutorCondition)

   TaskExecutorConfigurations.TaskExecutorConfiguration#applicationTaskExecutor matched:
      - @ConditionalOnThreading found PLATFORM (OnThreadingCondition)

   TaskExecutorConfigurations.ThreadPoolTaskExecutorBuilderConfiguration#threadPoolTaskExecutorBuilder matched:
      - @ConditionalOnMissingBean (types: org.springframework.boot.task.ThreadPoolTaskExecutorBuilder; SearchStrategy: all) did not find any beans (OnBeanCondition)

   TaskExecutorMetricsAutoConfiguration matched:
      - @ConditionalOnClass found required class 'io.micrometer.core.instrument.binder.jvm.ExecutorServiceMetrics' (OnClassCondition)
      - @ConditionalOnBean (types: java.util.concurrent.Executor,io.micrometer.core.instrument.MeterRegistry; SearchStrategy: all) found beans 'applicationTaskExecutor', 'simpleMeterRegistry' (OnBeanCondition)

   TaskSchedulingAutoConfiguration matched:
      - @ConditionalOnClass found required class 'org.springframework.scheduling.concurrent.ThreadPoolTaskScheduler' (OnClassCondition)

   TaskSchedulingConfigurations.SimpleAsyncTaskSchedulerBuilderConfiguration#simpleAsyncTaskSchedulerBuilder matched:
      - @ConditionalOnMissingBean (types: org.springframework.boot.task.SimpleAsyncTaskSchedulerBuilder; SearchStrategy: all) did not find any beans (OnBeanCondition)
      - @ConditionalOnThreading found PLATFORM (OnThreadingCondition)

   TaskSchedulingConfigurations.ThreadPoolTaskSchedulerBuilderConfiguration#threadPoolTaskSchedulerBuilder matched:
      - @ConditionalOnMissingBean (types: org.springframework.boot.task.ThreadPoolTaskSchedulerBuilder; SearchStrategy: all) did not find any beans (OnBeanCondition)

   TomcatMetricsAutoConfiguration matched:
      - @ConditionalOnClass found required classes 'io.micrometer.core.instrument.binder.tomcat.TomcatMetrics', 'org.apache.catalina.Manager', 'io.micrometer.core.instrument.MeterRegistry' (OnClassCondition)
      - @ConditionalOnWebApplication (required) found 'session' scope (OnWebApplicationCondition)

   TomcatMetricsAutoConfiguration#tomcatMetricsBinder matched:
      - @ConditionalOnBean (types: io.micrometer.core.instrument.MeterRegistry; SearchStrategy: all) found bean 'simpleMeterRegistry'; @ConditionalOnMissingBean (types: io.micrometer.core.instrument.binder.tomcat.TomcatMetrics,org.springframework.boot.tomcat.metrics.TomcatMetricsBinder; SearchStrategy: all) did not find any beans (OnBeanCondition)

   TomcatServletWebServerAutoConfiguration matched:
      - @ConditionalOnClass found required classes 'jakarta.servlet.ServletRequest', 'org.apache.catalina.startup.Tomcat', 'org.apache.coyote.UpgradeProtocol', 'org.springframework.boot.tomcat.servlet.TomcatServletWebServerFactory' (OnClassCondition)
      - found 'session' scope (OnWebApplicationCondition)

   TomcatServletWebServerAutoConfiguration#tomcatServletWebServerFactory matched:
      - @ConditionalOnMissingBean (types: org.springframework.boot.web.server.servlet.ServletWebServerFactory; SearchStrategy: current) did not find any beans (OnBeanCondition)

   TomcatWebServerConfiguration matched:
      - @ConditionalOnWarDeployment the application is not deployed as a WAR file. (OnWarDeploymentCondition)

   TomcatWebServerConfiguration.TomcatWebSocketConfiguration matched:
      - @ConditionalOnClass found required class 'org.apache.tomcat.websocket.server.WsSci' (OnClassCondition)

   TransactionAutoConfiguration matched:
      - @ConditionalOnClass found required class 'org.springframework.transaction.PlatformTransactionManager' (OnClassCondition)

   TransactionAutoConfiguration.EnableTransactionManagementConfiguration matched:
      - @ConditionalOnBean (types: org.springframework.transaction.TransactionManager; SearchStrategy: all) found bean 'transactionManager'; @ConditionalOnMissingBean (types: org.springframework.transaction.annotation.AbstractTransactionManagementConfiguration; SearchStrategy: all) did not find any beans (OnBeanCondition)

   TransactionAutoConfiguration.EnableTransactionManagementConfiguration.CglibAutoProxyConfiguration matched:
      - @ConditionalOnBooleanProperty (spring.aop.proxy-target-class=true) matched (OnPropertyCondition)

   TransactionAutoConfiguration.TransactionTemplateConfiguration matched:
      - @ConditionalOnSingleCandidate (types: org.springframework.transaction.PlatformTransactionManager; SearchStrategy: all) found a single bean 'transactionManager' (OnBeanCondition)

   TransactionAutoConfiguration.TransactionTemplateConfiguration#transactionTemplate matched:
      - @ConditionalOnMissingBean (types: org.springframework.transaction.support.TransactionOperations; SearchStrategy: all) did not find any beans (OnBeanCondition)

   TransactionManagerCustomizationAutoConfiguration matched:
      - @ConditionalOnClass found required class 'org.springframework.transaction.PlatformTransactionManager' (OnClassCondition)

   TransactionManagerCustomizationAutoConfiguration#platformTransactionManagerCustomizers matched:
      - @ConditionalOnMissingBean (types: org.springframework.boot.transaction.autoconfigure.TransactionManagerCustomizers; SearchStrategy: all) did not find any beans (OnBeanCondition)

   ValidationAutoConfiguration matched:
      - @ConditionalOnClass found required class 'jakarta.validation.executable.ExecutableValidator' (OnClassCondition)
      - @ConditionalOnResource found location classpath:META-INF/services/jakarta.validation.spi.ValidationProvider (OnResourceCondition)

   ValidationAutoConfiguration#defaultValidator matched:
      - @ConditionalOnMissingBean (types: jakarta.validation.Validator; SearchStrategy: all) did not find any beans (OnBeanCondition)

   ValidationAutoConfiguration#methodValidationPostProcessor matched:
      - @ConditionalOnMissingBean (types: org.springframework.validation.beanvalidation.MethodValidationPostProcessor; SearchStrategy: current) did not find any beans (OnBeanCondition)

   WebEndpointAutoConfiguration matched:
      - @ConditionalOnWebApplication (required) found 'session' scope (OnWebApplicationCondition)

   WebEndpointAutoConfiguration#controllerEndpointDiscoverer matched:
      - @ConditionalOnMissingBean (types: org.springframework.boot.actuate.endpoint.web.annotation.ControllerEndpointsSupplier; SearchStrategy: all) did not find any beans (OnBeanCondition)

   WebEndpointAutoConfiguration#endpointMediaTypes matched:
      - @ConditionalOnMissingBean (types: org.springframework.boot.actuate.endpoint.web.EndpointMediaTypes; SearchStrategy: all) did not find any beans (OnBeanCondition)

   WebEndpointAutoConfiguration#pathMappedEndpoints matched:
      - @ConditionalOnMissingBean (types: org.springframework.boot.actuate.endpoint.web.PathMappedEndpoints; SearchStrategy: all) did not find any beans (OnBeanCondition)

   WebEndpointAutoConfiguration#webEndpointDiscoverer matched:
      - @ConditionalOnMissingBean (types: org.springframework.boot.actuate.endpoint.web.WebEndpointsSupplier; SearchStrategy: all) did not find any beans (OnBeanCondition)

   WebEndpointAutoConfiguration.WebEndpointServletConfiguration matched:
      - found 'session' scope (OnWebApplicationCondition)

   WebEndpointAutoConfiguration.WebEndpointServletConfiguration#servletEndpointDiscoverer matched:
      - @ConditionalOnMissingBean (types: org.springframework.boot.actuate.endpoint.web.annotation.ServletEndpointsSupplier; SearchStrategy: all) did not find any beans (OnBeanCondition)

   WebMvcAutoConfiguration matched:
      - @ConditionalOnClass found required classes 'jakarta.servlet.Servlet', 'org.springframework.web.servlet.DispatcherServlet', 'org.springframework.web.servlet.config.annotation.WebMvcConfigurer' (OnClassCondition)
      - found 'session' scope (OnWebApplicationCondition)
      - @ConditionalOnMissingBean (types: org.springframework.web.servlet.config.annotation.WebMvcConfigurationSupport; SearchStrategy: all) did not find any beans (OnBeanCondition)

   WebMvcAutoConfiguration#formContentFilter matched:
      - @ConditionalOnBooleanProperty (spring.mvc.formcontent.filter.enabled=true) matched (OnPropertyCondition)
      - @ConditionalOnMissingBean (types: org.springframework.web.filter.FormContentFilter; SearchStrategy: all) did not find any beans (OnBeanCondition)

   WebMvcAutoConfiguration.EnableWebMvcConfiguration#flashMapManager matched:
      - @ConditionalOnMissingBean (names: flashMapManager; SearchStrategy: all) did not find any beans (OnBeanCondition)

   WebMvcAutoConfiguration.EnableWebMvcConfiguration#localeResolver matched:
      - @ConditionalOnMissingBean (names: localeResolver; SearchStrategy: all) did not find any beans (OnBeanCondition)

   WebMvcAutoConfiguration.EnableWebMvcConfiguration#viewNameTranslator matched:
      - @ConditionalOnMissingBean (names: viewNameTranslator; SearchStrategy: all) did not find any beans (OnBeanCondition)

   WebMvcAutoConfiguration.ResourceChainCustomizerConfiguration matched:
      - @ConditionalOnEnabledResourceChain found class org.webjars.WebJarVersionLocator (OnEnabledResourceChainCondition)

   WebMvcAutoConfiguration.WebMvcAutoConfigurationAdapter#defaultViewResolver matched:
      - @ConditionalOnMissingBean (types: org.springframework.web.servlet.view.InternalResourceViewResolver; SearchStrategy: all) did not find any beans (OnBeanCondition)

   WebMvcAutoConfiguration.WebMvcAutoConfigurationAdapter#requestContextFilter matched:
      - @ConditionalOnMissingBean (types: org.springframework.web.context.request.RequestContextListener,org.springframework.web.filter.RequestContextFilter; SearchStrategy: all) did not find any beans (OnBeanCondition)

   WebMvcAutoConfiguration.WebMvcAutoConfigurationAdapter#viewResolver matched:
      - @ConditionalOnBean (types: org.springframework.web.servlet.ViewResolver; SearchStrategy: all) found beans 'defaultViewResolver', 'beanNameViewResolver', 'mvcViewResolver'; @ConditionalOnMissingBean (names: viewResolver types: org.springframework.web.servlet.view.ContentNegotiatingViewResolver; SearchStrategy: all) did not find any beans (OnBeanCondition)

   WebMvcEndpointManagementContextConfiguration matched:
      - found 'session' scope (OnWebApplicationCondition)
      - @ConditionalOnBean (types: org.springframework.web.servlet.DispatcherServlet,org.springframework.boot.actuate.endpoint.web.WebEndpointsSupplier; SearchStrategy: all) found beans 'webEndpointDiscoverer', 'dispatcherServlet' (OnBeanCondition)

   WebMvcEndpointManagementContextConfiguration#controllerEndpointHandlerMapping matched:
      - @ConditionalOnMissingBean (types: org.springframework.boot.webmvc.actuate.endpoint.web.ControllerEndpointHandlerMapping; SearchStrategy: all) did not find any beans (OnBeanCondition)

   WebMvcEndpointManagementContextConfiguration#endpointJackson2ObjectMapperWebMvcConfigurer matched:
      - @ConditionalOnBean (types: org.springframework.boot.actuate.endpoint.jackson.EndpointJackson2ObjectMapper; SearchStrategy: all) found bean 'jackson2EndpointJsonMapper' (OnBeanCondition)

   WebMvcEndpointManagementContextConfiguration#endpointJsonMapperWebMvcConfigurer matched:
      - @ConditionalOnBean (types: org.springframework.boot.actuate.endpoint.jackson.EndpointJsonMapper; SearchStrategy: all) found bean 'endpointJsonMapper' (OnBeanCondition)

   WebMvcEndpointManagementContextConfiguration#webEndpointServletHandlerMapping matched:
      - @ConditionalOnMissingBean (types: org.springframework.boot.webmvc.actuate.endpoint.web.WebMvcEndpointHandlerMapping; SearchStrategy: all) did not find any beans (OnBeanCondition)

   WebMvcEndpointManagementContextConfiguration.HealthConfiguration matched:
      - @ConditionalOnClass found required class 'org.springframework.boot.health.actuate.endpoint.HealthEndpoint' (OnClassCondition)

   WebMvcHealthEndpointExtensionAutoConfiguration matched:
      - @ConditionalOnClass found required class 'org.springframework.boot.health.actuate.endpoint.HealthEndpoint' (OnClassCondition)
      - found 'session' scope (OnWebApplicationCondition)
      - @ConditionalOnAvailableEndpoint marked as exposed by a 'management.endpoints.web.exposure' property (OnAvailableEndpointCondition)
      - @ConditionalOnBean (types: org.springframework.boot.health.actuate.endpoint.HealthEndpoint,org.springframework.boot.actuate.endpoint.web.WebEndpointsSupplier,org.springframework.boot.health.actuate.endpoint.HealthEndpointGroups; SearchStrategy: all) found beans 'webEndpointDiscoverer', 'healthEndpoint', 'healthEndpointGroups' (OnBeanCondition)

   WebMvcObservationAutoConfiguration matched:
      - @ConditionalOnClass found required classes 'org.springframework.web.servlet.DispatcherServlet', 'io.micrometer.observation.Observation', 'org.springframework.boot.micrometer.observation.autoconfigure.ObservationProperties' (OnClassCondition)
      - found 'session' scope (OnWebApplicationCondition)
      - @ConditionalOnBean (types: io.micrometer.observation.ObservationRegistry; SearchStrategy: all) found bean 'observationRegistry' (OnBeanCondition)

   WebMvcObservationAutoConfiguration#webMvcObservationFilter matched:
      - @ConditionalOnMissingBean (types: org.springframework.web.filter.ServerHttpObservationFilter; SearchStrategy: all) did not find any beans (OnBeanCondition)

   WebMvcObservationAutoConfiguration.MeterFilterConfiguration matched:
      - @ConditionalOnClass found required classes 'io.micrometer.core.instrument.MeterRegistry', 'org.springframework.boot.micrometer.metrics.autoconfigure.MetricsProperties' (OnClassCondition)
      - @ConditionalOnBean (types: io.micrometer.core.instrument.MeterRegistry; SearchStrategy: all) found bean 'simpleMeterRegistry' (OnBeanCondition)


Negative matches:
-----------------

   AopAutoConfiguration.AspectJAutoProxyingConfiguration.JdkDynamicAutoProxyConfiguration:
      Did not match:
         - @ConditionalOnBooleanProperty (spring.aop.proxy-target-class=false) did not find property 'spring.aop.proxy-target-class' (OnPropertyCondition)

   AopAutoConfiguration.ClassProxyingConfiguration:
      Did not match:
         - @ConditionalOnMissingClass found unwanted class 'org.aspectj.weaver.Advice' (OnClassCondition)

   AppOpticsMetricsExportAutoConfiguration:
      Did not match:
         - @ConditionalOnClass did not find required class 'io.micrometer.appoptics.AppOpticsMeterRegistry' (OnClassCondition)

   AtlasMetricsExportAutoConfiguration:
      Did not match:
         - @ConditionalOnClass did not find required class 'io.micrometer.atlas.AtlasMeterRegistry' (OnClassCondition)

   AuditAutoConfiguration:
      Did not match:
         - @ConditionalOnBean (types: org.springframework.boot.actuate.audit.AuditEventRepository; SearchStrategy: all) did not find any beans of type org.springframework.boot.actuate.audit.AuditEventRepository (OnBeanCondition)
      Matched:
         - @ConditionalOnBooleanProperty (management.auditevents.enabled=true) matched (OnPropertyCondition)

   AuditEventsEndpointAutoConfiguration:
      Did not match:
         - @ConditionalOnAvailableEndpoint not exposed (OnAvailableEndpointCondition)

   AvailabilityHealthContributorAutoConfiguration#livenessStateHealthIndicator:
      Did not match:
         - @ConditionalOnBooleanProperty (management.health.livenessstate.enabled=true) did not find property 'management.health.livenessstate.enabled' (OnPropertyCondition)

   AvailabilityHealthContributorAutoConfiguration#readinessStateHealthIndicator:
      Did not match:
         - @ConditionalOnBooleanProperty (management.health.readinessstate.enabled=true) did not find property 'management.health.readinessstate.enabled' (OnPropertyCondition)

   BeansEndpointAutoConfiguration:
      Did not match:
         - @ConditionalOnAvailableEndpoint not exposed (OnAvailableEndpointCondition)

   CompositeMeterRegistryConfiguration:
      Did not match:
         - NoneNestedConditions 1 matched 1 did not; NestedCondition on CompositeMeterRegistryConfiguration.MultipleNonPrimaryMeterRegistriesCondition.SingleInjectableMeterRegistry @ConditionalOnSingleCandidate (types: io.micrometer.core.instrument.MeterRegistry; SearchStrategy: all) found a single bean 'simpleMeterRegistry'; NestedCondition on CompositeMeterRegistryConfiguration.MultipleNonPrimaryMeterRegistriesCondition.NoMeterRegistryCondition @ConditionalOnMissingBean (types: io.micrometer.core.instrument.MeterRegistry; SearchStrategy: all) found beans of type 'io.micrometer.core.instrument.MeterRegistry' simpleMeterRegistry (CompositeMeterRegistryConfiguration.MultipleNonPrimaryMeterRegistriesCondition)

   ConditionsReportEndpointAutoConfiguration:
      Did not match:
         - @ConditionalOnAvailableEndpoint not exposed (OnAvailableEndpointCondition)

   ConfigurationPropertiesReportEndpointAutoConfiguration:
      Did not match:
         - @ConditionalOnAvailableEndpoint not exposed (OnAvailableEndpointCondition)

   DataJpaRepositoriesAutoConfiguration#entityManagerFactoryBootstrapExecutorCustomizer:
      Did not match:
         - AnyNestedCondition 0 matched 2 did not; NestedCondition on DataJpaRepositoriesAutoConfiguration.BootstrapExecutorCondition.LazyBootstrapMode @ConditionalOnProperty (spring.data.jpa.repositories.bootstrap-mode=lazy) did not find property 'spring.data.jpa.repositories.bootstrap-mode'; NestedCondition on DataJpaRepositoriesAutoConfiguration.BootstrapExecutorCondition.DeferredBootstrapMode @ConditionalOnProperty (spring.data.jpa.repositories.bootstrap-mode=deferred) did not find property 'spring.data.jpa.repositories.bootstrap-mode' (DataJpaRepositoriesAutoConfiguration.BootstrapExecutorCondition)

   DataSourceAutoConfiguration.EmbeddedDatabaseConfiguration:
      Did not match:
         - EmbeddedDataSource spring.datasource.url is set (DataSourceAutoConfiguration.EmbeddedDatabaseCondition)

   DataSourceCheckpointRestoreConfiguration:
      Did not match:
         - @ConditionalOnClass did not find required class 'org.crac.Resource' (OnClassCondition)

   DataSourceConfiguration.Dbcp2:
      Did not match:
         - @ConditionalOnClass did not find required class 'org.apache.commons.dbcp2.BasicDataSource' (OnClassCondition)

   DataSourceConfiguration.Generic:
      Did not match:
         - @ConditionalOnProperty (spring.datasource.type) did not find property 'spring.datasource.type' (OnPropertyCondition)

   DataSourceConfiguration.OracleUcp:
      Did not match:
         - @ConditionalOnClass did not find required classes 'oracle.ucp.jdbc.PoolDataSourceImpl', 'oracle.jdbc.OracleConnection' (OnClassCondition)

   DataSourceConfiguration.Tomcat:
      Did not match:
         - @ConditionalOnClass did not find required class 'org.apache.tomcat.jdbc.pool.DataSource' (OnClassCondition)

   DataSourceJmxConfiguration:
      Did not match:
         - @ConditionalOnBooleanProperty (spring.jmx.enabled=true) did not find property 'spring.jmx.enabled' (OnPropertyCondition)

   DataSourcePoolMetadataProvidersConfiguration.CommonsDbcp2PoolDataSourceMetadataProviderConfiguration:
      Did not match:
         - @ConditionalOnClass did not find required class 'org.apache.commons.dbcp2.BasicDataSource' (OnClassCondition)

   DataSourcePoolMetadataProvidersConfiguration.OracleUcpPoolDataSourceMetadataProviderConfiguration:
      Did not match:
         - @ConditionalOnClass did not find required classes 'oracle.ucp.jdbc.PoolDataSource', 'oracle.jdbc.OracleConnection' (OnClassCondition)

   DataSourcePoolMetadataProvidersConfiguration.TomcatDataSourcePoolMetadataProviderConfiguration:
      Did not match:
         - @ConditionalOnClass did not find required class 'org.apache.tomcat.jdbc.pool.DataSource' (OnClassCondition)

   DataSourceTransactionManagerAutoConfiguration.JdbcTransactionManagerConfiguration#transactionManager:
      Did not match:
         - @ConditionalOnMissingBean (types: org.springframework.transaction.TransactionManager; SearchStrategy: all) found beans of type 'org.springframework.transaction.TransactionManager' transactionManager (OnBeanCondition)

   DatadogMetricsExportAutoConfiguration:
      Did not match:
         - @ConditionalOnClass did not find required class 'io.micrometer.datadog.DatadogMeterRegistry' (OnClassCondition)

   DevToolsR2dbcAutoConfiguration:
      Did not match:
         - @ConditionalOnClass did not find required class 'io.r2dbc.spi.ConnectionFactory' (OnClassCondition)

   DispatcherServletAutoConfiguration.DispatcherServletConfiguration#multipartResolver:
      Did not match:
         - @ConditionalOnBean (types: org.springframework.web.multipart.MultipartResolver; SearchStrategy: all) did not find any beans of type org.springframework.web.multipart.MultipartResolver (OnBeanCondition)

   DynatraceMetricsExportAutoConfiguration:
      Did not match:
         - @ConditionalOnClass did not find required class 'io.micrometer.dynatrace.DynatraceMeterRegistry' (OnClassCondition)

   ElasticMetricsExportAutoConfiguration:
      Did not match:
         - @ConditionalOnClass did not find required class 'io.micrometer.elastic.ElasticMeterRegistry' (OnClassCondition)

   EnvironmentEndpointAutoConfiguration:
      Did not match:
         - @ConditionalOnAvailableEndpoint not exposed (OnAvailableEndpointCondition)

   FlywayAutoConfiguration:
      Did not match:
         - @ConditionalOnBooleanProperty (spring.flyway.enabled=true) found different value in property 'spring.flyway.enabled' (OnPropertyCondition)
      Matched:
         - @ConditionalOnClass found required class 'org.flywaydb.core.Flyway' (OnClassCondition)

   FlywayEndpointAutoConfiguration:
      Did not match:
         - @ConditionalOnAvailableEndpoint not exposed (OnAvailableEndpointCondition)
      Matched:
         - @ConditionalOnClass found required classes 'org.flywaydb.core.Flyway', 'org.springframework.boot.actuate.autoconfigure.endpoint.condition.ConditionalOnAvailableEndpoint' (OnClassCondition)

   GangliaMetricsExportAutoConfiguration:
      Did not match:
         - @ConditionalOnClass did not find required class 'io.micrometer.ganglia.GangliaMeterRegistry' (OnClassCondition)

   GraphiteMetricsExportAutoConfiguration:
      Did not match:
         - @ConditionalOnClass did not find required class 'io.micrometer.graphite.GraphiteMeterRegistry' (OnClassCondition)

   GsonHttpMessageConvertersConfiguration:
      Did not match:
         - @ConditionalOnClass did not find required class 'com.google.gson.Gson' (OnClassCondition)

   HealthContributorRegistryAutoConfiguration.ReactiveHealthContributorRegistryConfiguration:
      Did not match:
         - @ConditionalOnClass did not find required class 'reactor.core.publisher.Flux' (OnClassCondition)

   HealthEndpointReactiveWebExtensionConfiguration:
      Did not match:
         - did not find reactive web application classes (OnWebApplicationCondition)

   HeapDumpWebEndpointAutoConfiguration:
      Did not match:
         - @ConditionalOnAvailableEndpoint the configured access for endpoint 'heapdump' is NONE (OnAvailableEndpointCondition)

   HibernateMetricsAutoConfiguration:
      Did not match:
         - @ConditionalOnClass did not find required class 'org.hibernate.stat.HibernateMetrics' (OnClassCondition)

   HttpExchangesEndpointAutoConfiguration:
      Did not match:
         - @ConditionalOnAvailableEndpoint not exposed (OnAvailableEndpointCondition)

   HumioMetricsExportAutoConfiguration:
      Did not match:
         - @ConditionalOnClass did not find required class 'io.micrometer.humio.HumioMeterRegistry' (OnClassCondition)

   InfluxMetricsExportAutoConfiguration:
      Did not match:
         - @ConditionalOnClass did not find required class 'io.micrometer.influx.InfluxMeterRegistry' (OnClassCondition)

   InfoContributorAutoConfiguration#buildInfoContributor:
      Did not match:
         - @ConditionalOnSingleCandidate (types: org.springframework.boot.info.BuildProperties; SearchStrategy: all) did not find any beans (OnBeanCondition)
      Matched:
         - @ConditionalOnEnabledInfoContributor management.info.defaults.enabled is considered true (OnEnabledInfoContributorCondition)

   InfoContributorAutoConfiguration#envInfoContributor:
      Did not match:
         - @ConditionalOnEnabledInfoContributor management.info.env.enabled is not true (OnEnabledInfoContributorCondition)

   InfoContributorAutoConfiguration#gitInfoContributor:
      Did not match:
         - @ConditionalOnSingleCandidate (types: org.springframework.boot.info.GitProperties; SearchStrategy: all) did not find any beans (OnBeanCondition)
      Matched:
         - @ConditionalOnEnabledInfoContributor management.info.defaults.enabled is considered true (OnEnabledInfoContributorCondition)

   InfoContributorAutoConfiguration#javaInfoContributor:
      Did not match:
         - @ConditionalOnEnabledInfoContributor management.info.java.enabled is not true (OnEnabledInfoContributorCondition)

   InfoContributorAutoConfiguration#osInfoContributor:
      Did not match:
         - @ConditionalOnEnabledInfoContributor management.info.os.enabled is not true (OnEnabledInfoContributorCondition)

   InfoContributorAutoConfiguration#processInfoContributor:
      Did not match:
         - @ConditionalOnEnabledInfoContributor management.info.process.enabled is not true (OnEnabledInfoContributorCondition)

   InfoContributorAutoConfiguration#sslInfo:
      Did not match:
         - @ConditionalOnEnabledInfoContributor management.info.ssl.enabled is not true (OnEnabledInfoContributorCondition)
      Matched:
         - @ConditionalOnMissingBean (types: org.springframework.boot.info.SslInfo; SearchStrategy: all) did not find any beans (OnBeanCondition)

   InfoContributorAutoConfiguration#sslInfoContributor:
      Did not match:
         - @ConditionalOnEnabledInfoContributor management.info.ssl.enabled is not true (OnEnabledInfoContributorCondition)

   InfoEndpointAutoConfiguration:
      Did not match:
         - @ConditionalOnAvailableEndpoint not exposed (OnAvailableEndpointCondition)

   Jackson2HttpMessageConvertersConfiguration.MappingJackson2HttpMessageConverterConfiguration:
      Did not match:
         - AnyNestedCondition 0 matched 2 did not; NestedCondition on Jackson2HttpMessageConvertersConfiguration.PreferJackson2OrJacksonUnavailableCondition.JacksonUnavailable @ConditionalOnMissingBean (types: org.springframework.boot.http.converter.autoconfigure.JacksonHttpMessageConvertersConfiguration$JacksonJsonHttpMessageConvertersCustomizer; SearchStrategy: all) found beans of type 'org.springframework.boot.http.converter.autoconfigure.JacksonHttpMessageConvertersConfiguration$JacksonJsonHttpMessageConvertersCustomizer' jacksonJsonHttpMessageConvertersCustomizer; NestedCondition on Jackson2HttpMessageConvertersConfiguration.PreferJackson2OrJacksonUnavailableCondition.Jackson2Preferred @ConditionalOnProperty (spring.http.converters.preferred-json-mapper=jackson2) did not find property 'spring.http.converters.preferred-json-mapper' (Jackson2HttpMessageConvertersConfiguration.PreferJackson2OrJacksonUnavailableCondition)
      Matched:
         - @ConditionalOnClass found required class 'com.fasterxml.jackson.databind.ObjectMapper' (OnClassCondition)

   Jackson2HttpMessageConvertersConfiguration.MappingJackson2XmlHttpMessageConverterConfiguration:
      Did not match:
         - @ConditionalOnClass did not find required class 'com.fasterxml.jackson.dataformat.xml.XmlMapper' (OnClassCondition)

   JacksonAutoConfiguration.CborConfiguration:
      Did not match:
         - @ConditionalOnClass did not find required class 'tools.jackson.dataformat.cbor.CBORMapper' (OnClassCondition)

   JacksonAutoConfiguration.XmlConfiguration:
      Did not match:
         - @ConditionalOnClass did not find required class 'tools.jackson.dataformat.xml.XmlMapper' (OnClassCondition)

   JacksonHttpMessageConvertersConfiguration.JacksonXmlHttpMessageConverterConfiguration:
      Did not match:
         - @ConditionalOnClass did not find required class 'tools.jackson.dataformat.xml.XmlMapper' (OnClassCondition)

   JmxAutoConfiguration:
      Did not match:
         - @ConditionalOnBooleanProperty (spring.jmx.enabled=true) did not find property 'spring.jmx.enabled' (OnPropertyCondition)
      Matched:
         - @ConditionalOnClass found required class 'org.springframework.jmx.export.MBeanExporter' (OnClassCondition)

   JmxEndpointAutoConfiguration:
      Did not match:
         - @ConditionalOnBooleanProperty (spring.jmx.enabled=true) did not find property 'spring.jmx.enabled' (OnPropertyCondition)

   JmxMetricsExportAutoConfiguration:
      Did not match:
         - @ConditionalOnClass did not find required class 'io.micrometer.jmx.JmxMeterRegistry' (OnClassCondition)

   JndiDataSourceAutoConfiguration:
      Did not match:
         - @ConditionalOnProperty (spring.datasource.jndi-name) did not find property 'spring.datasource.jndi-name' (OnPropertyCondition)
      Matched:
         - @ConditionalOnClass found required classes 'javax.sql.DataSource', 'org.springframework.jdbc.datasource.embedded.EmbeddedDatabaseType' (OnClassCondition)

   JndiJtaConfiguration:
      Did not match:
         - @ConditionalOnJndi JNDI environment is not available (OnJndiCondition)
      Matched:
         - @ConditionalOnClass found required class 'org.springframework.transaction.jta.JtaTransactionManager' (OnClassCondition)

   JpaBaseConfiguration.JpaWebConfiguration:
      Did not match:
         - @ConditionalOnBooleanProperty (spring.jpa.open-in-view=true) found different value in property 'spring.jpa.open-in-view' (OnPropertyCondition)
      Matched:
         - @ConditionalOnClass found required class 'org.springframework.web.servlet.config.annotation.WebMvcConfigurer' (OnClassCondition)
         - found 'session' scope (OnWebApplicationCondition)

   JsonbHttpMessageConvertersConfiguration:
      Did not match:
         - @ConditionalOnClass did not find required class 'jakarta.json.bind.Jsonb' (OnClassCondition)

   JvmMetricsAutoConfiguration.VirtualThreadMetricsConfiguration:
      Did not match:
         - @ConditionalOnClass did not find required class 'io.micrometer.java21.instrument.binder.jdk.VirtualThreadMetrics' (OnClassCondition)

   KairosMetricsExportAutoConfiguration:
      Did not match:
         - @ConditionalOnClass did not find required class 'io.micrometer.kairos.KairosMeterRegistry' (OnClassCondition)

   KotlinSerializationHttpMessageConvertersConfiguration:
      Did not match:
         - @ConditionalOnClass did not find required classes 'kotlinx.serialization.Serializable', 'kotlinx.serialization.json.Json' (OnClassCondition)

   LocalDevToolsAutoConfiguration.LiveReloadConfiguration:
      Did not match:
         - @ConditionalOnBooleanProperty (spring.devtools.livereload.enabled=true) did not find property 'spring.devtools.livereload.enabled' (OnPropertyCondition)

   LocalDevToolsAutoConfiguration.RestartConfiguration:
      Did not match:
         - @ConditionalOnBooleanProperty (spring.devtools.restart.enabled=true) found different value in property 'spring.devtools.restart.enabled' (OnPropertyCondition)

   Log4J2MetricsAutoConfiguration:
      Did not match:
         - @ConditionalOnClass did not find required class 'org.apache.logging.log4j.core.LoggerContext' (OnClassCondition)

   LogFileWebEndpointAutoConfiguration:
      Did not match:
         - @ConditionalOnAvailableEndpoint not exposed (OnAvailableEndpointCondition)

   LoggersEndpointAutoConfiguration:
      Did not match:
         - @ConditionalOnAvailableEndpoint not exposed (OnAvailableEndpointCondition)

   ManagementContextAutoConfiguration.DifferentManagementContextConfiguration:
      Did not match:
         - Management Port actual port type (SAME) did not match required type (DIFFERENT) (OnManagementPortCondition)

   MappingsEndpointAutoConfiguration:
      Did not match:
         - @ConditionalOnAvailableEndpoint not exposed (OnAvailableEndpointCondition)

   MessageSourceAutoConfiguration:
      Did not match:
         - ResourceBundle did not find bundle with basename messages (MessageSourceAutoConfiguration.ResourceBundleCondition)

   MetricsAspectsAutoConfiguration:
      Did not match:
         - @ConditionalOnBooleanProperty (management.observations.annotations.enabled=true) did not find property 'management.observations.annotations.enabled' (OnPropertyCondition)
      Matched:
         - @ConditionalOnClass found required classes 'io.micrometer.core.instrument.MeterRegistry', 'org.aspectj.weaver.Advice' (OnClassCondition)

   MetricsEndpointAutoConfiguration:
      Did not match:
         - @ConditionalOnAvailableEndpoint not exposed (OnAvailableEndpointCondition)
      Matched:
         - @ConditionalOnClass found required classes 'org.springframework.boot.actuate.autoconfigure.endpoint.condition.ConditionalOnAvailableEndpoint', 'io.micrometer.core.annotation.Timed' (OnClassCondition)

   MultipleOpenApiSupportConfiguration:
      Did not match:
         - AnyNestedCondition 0 matched 2 did not; NestedCondition on MultipleOpenApiSupportCondition.OnActuatorDifferentPort found non-matching nested conditions Management Port actual port type (SAME) did not match required type (DIFFERENT), @ConditionalOnProperty (springdoc.show-actuator) did not find property 'springdoc.show-actuator'; NestedCondition on MultipleOpenApiSupportCondition.OnMultipleOpenApiSupportCondition AnyNestedCondition 0 matched 3 did not; NestedCondition on MultipleOpenApiGroupsCondition.OnListGroupedOpenApiBean @ConditionalOnBean (types: org.springdoc.core.models.GroupedOpenApi; SearchStrategy: all) did not find any beans of type org.springdoc.core.models.GroupedOpenApi; NestedCondition on MultipleOpenApiGroupsCondition.OnGroupConfigProperty @ConditionalOnProperty (springdoc.group-configs[0].group) did not find property 'springdoc.group-configs[0].group'; NestedCondition on MultipleOpenApiGroupsCondition.OnGroupedOpenApiBean @ConditionalOnBean (types: org.springdoc.core.models.GroupedOpenApi; SearchStrategy: all) did not find any beans of type org.springdoc.core.models.GroupedOpenApi (MultipleOpenApiSupportCondition)
      Matched:
         - found 'session' scope (OnWebApplicationCondition)
         - @ConditionalOnProperty (springdoc.api-docs.enabled) matched (OnPropertyCondition)

   MultipleOpenApiSupportConfiguration.SpringDocWebMvcActuatorDifferentConfiguration:
      Did not match:
         - @ConditionalOnClass did not find required class 'org.springframework.boot.actuate.endpoint.web.servlet.WebMvcEndpointHandlerMapping' (OnClassCondition)
         - Ancestor org.springdoc.webmvc.core.configuration.MultipleOpenApiSupportConfiguration did not match (ConditionEvaluationReport.AncestorsMatchedCondition)

   NewRelicMetricsExportAutoConfiguration:
      Did not match:
         - @ConditionalOnClass did not find required class 'io.micrometer.newrelic.NewRelicMeterRegistry' (OnClassCondition)

   NoOpMeterRegistryConfiguration:
      Did not match:
         - @ConditionalOnMissingBean (types: io.micrometer.core.instrument.MeterRegistry; SearchStrategy: all) found beans of type 'io.micrometer.core.instrument.MeterRegistry' simpleMeterRegistry (OnBeanCondition)

   ObservationAutoConfiguration.ObservedAspectConfiguration:
      Did not match:
         - @ConditionalOnBooleanProperty (management.observations.annotations.enabled=true) did not find property 'management.observations.annotations.enabled' (OnPropertyCondition)
      Matched:
         - @ConditionalOnClass found required class 'org.aspectj.weaver.Advice' (OnClassCondition)

   OtlpMetricsExportAutoConfiguration:
      Did not match:
         - @ConditionalOnClass did not find required class 'io.micrometer.registry.otlp.OtlpMeterRegistry' (OnClassCondition)

   ProjectInfoAutoConfiguration#buildProperties:
      Did not match:
         - @ConditionalOnResource did not find resource '${spring.info.build.location:classpath:META-INF/build-info.properties}' (OnResourceCondition)

   ProjectInfoAutoConfiguration#gitProperties:
      Did not match:
         - GitResource did not find git info at classpath:git.properties (ProjectInfoAutoConfiguration.GitResourceAvailableCondition)

   PrometheusMetricsExportAutoConfiguration:
      Did not match:
         - @ConditionalOnClass did not find required class 'io.micrometer.prometheusmetrics.PrometheusMeterRegistry' (OnClassCondition)

   RemoteDevToolsAutoConfiguration:
      Did not match:
         - @ConditionalOnProperty (spring.devtools.remote.secret) did not find property 'spring.devtools.remote.secret' (OnPropertyCondition)
      Matched:
         - @ConditionalOnClass found required classes 'jakarta.servlet.Filter', 'org.springframework.http.server.ServerHttpRequest', 'org.springframework.boot.web.server.autoconfigure.ServerProperties' (OnClassCondition)

   SbomEndpointAutoConfiguration:
      Did not match:
         - @ConditionalOnAvailableEndpoint not exposed (OnAvailableEndpointCondition)

   ScheduledTasksEndpointAutoConfiguration:
      Did not match:
         - @ConditionalOnAvailableEndpoint not exposed (OnAvailableEndpointCondition)

   ServletHttpExchangesAutoConfiguration:
      Did not match:
         - @ConditionalOnBean (types: org.springframework.boot.actuate.web.exchanges.HttpExchangeRepository; SearchStrategy: all) did not find any beans of type org.springframework.boot.actuate.web.exchanges.HttpExchangeRepository (OnBeanCondition)
      Matched:
         - found 'session' scope (OnWebApplicationCondition)
         - @ConditionalOnBooleanProperty (management.httpexchanges.recording.enabled=true) matched (OnPropertyCondition)

   ServletManagementContextAutoConfiguration.ApplicationContextFilterConfiguration:
      Did not match:
         - @ConditionalOnBooleanProperty (management.server.add-application-context-header=true) did not find property 'management.server.add-application-context-header' (OnPropertyCondition)

   ServletMappingsAutoConfiguration:
      Did not match:
         - @ConditionalOnAvailableEndpoint not exposed (OnAvailableEndpointCondition)
      Matched:
         - @ConditionalOnClass found required classes 'org.springframework.boot.actuate.autoconfigure.endpoint.condition.ConditionalOnAvailableEndpoint', 'org.springframework.boot.actuate.web.mappings.MappingsEndpoint' (OnClassCondition)
         - found 'session' scope (OnWebApplicationCondition)

   ServletWebServerConfiguration#forwardedHeaderFilter:
      Did not match:
         - @ConditionalOnProperty (server.forward-headers-strategy=framework) did not find property 'server.forward-headers-strategy' (OnPropertyCondition)

   ShutdownEndpointAutoConfiguration:
      Did not match:
         - @ConditionalOnAvailableEndpoint the configured access for endpoint 'shutdown' is NONE (OnAvailableEndpointCondition)

   SpringApplicationAdminJmxAutoConfiguration:
      Did not match:
         - @ConditionalOnBooleanProperty (spring.application.admin.enabled=true) did not find property 'spring.application.admin.enabled' (OnPropertyCondition)

   SpringDocConfiguration#oas31ModelConverter:
      Did not match:
         - @ConditionalOnProperty (springdoc.explicit-object-schema=true) did not find property 'springdoc.explicit-object-schema' (OnPropertyCondition)

   SpringDocConfiguration#propertiesResolverForSchema:
      Did not match:
         - @ConditionalOnProperty (springdoc.api-docs.resolve-schema-properties) did not find property 'springdoc.api-docs.resolve-schema-properties' (OnPropertyCondition)

   SpringDocConfiguration#propertyCustomizingConverter:
      Did not match:
         - @ConditionalOnBean (types: org.springdoc.core.customizers.PropertyCustomizer; SearchStrategy: all) did not find any beans of type org.springdoc.core.customizers.PropertyCustomizer (OnBeanCondition)

   SpringDocConfiguration#springdocBeanFactoryPostProcessor:
      Did not match:
         - AnyNestedCondition 0 matched 2 did not; NestedCondition on CacheOrGroupedOpenApiCondition.OnCacheDisabled found non-matching nested conditions @ConditionalOnProperty (springdoc.cache.disabled) did not find property 'springdoc.cache.disabled'; NestedCondition on CacheOrGroupedOpenApiCondition.OnMultipleOpenApiSupportCondition AnyNestedCondition 0 matched 2 did not; NestedCondition on MultipleOpenApiSupportCondition.OnActuatorDifferentPort found non-matching nested conditions Management Port actual port type (SAME) did not match required type (DIFFERENT), @ConditionalOnProperty (springdoc.show-actuator) did not find property 'springdoc.show-actuator'; NestedCondition on MultipleOpenApiSupportCondition.OnMultipleOpenApiSupportCondition AnyNestedCondition 0 matched 3 did not; NestedCondition on MultipleOpenApiGroupsCondition.OnListGroupedOpenApiBean @ConditionalOnBean (types: org.springdoc.core.models.GroupedOpenApi; SearchStrategy: all) did not find any beans of type org.springdoc.core.models.GroupedOpenApi; NestedCondition on MultipleOpenApiGroupsCondition.OnGroupConfigProperty @ConditionalOnProperty (springdoc.group-configs[0].group) did not find property 'springdoc.group-configs[0].group'; NestedCondition on MultipleOpenApiGroupsCondition.OnGroupedOpenApiBean @ConditionalOnBean (types: org.springdoc.core.models.GroupedOpenApi; SearchStrategy: all) did not find any beans of type org.springdoc.core.models.GroupedOpenApi (CacheOrGroupedOpenApiCondition)
      Matched:
         - @ConditionalOnClass found required class 'org.springframework.boot.context.properties.bind.BindResult' (OnClassCondition)

   SpringDocConfiguration#springdocBeanFactoryPostProcessor2:
      Did not match:
         - @ConditionalOnMissingClass found unwanted class 'org.springframework.boot.context.properties.bind.BindResult' (OnClassCondition)

   SpringDocConfiguration.SpringDocActuatorConfiguration:
      Did not match:
         - @ConditionalOnProperty (springdoc.show-actuator) did not find property 'springdoc.show-actuator' (OnPropertyCondition)
      Matched:
         - @ConditionalOnClass found required class 'org.springframework.boot.actuate.autoconfigure.endpoint.web.WebEndpointProperties' (OnClassCondition)

   SpringDocConfiguration.SpringDocRepositoryRestConfiguration:
      Did not match:
         - @ConditionalOnClass did not find required class 'org.springframework.data.rest.core.config.RepositoryRestConfiguration' (OnClassCondition)

   SpringDocConfiguration.SpringDocSpringDataWebPropertiesProvider:
      Did not match:
         - @ConditionalOnClass did not find required class 'org.springframework.boot.autoconfigure.data.web.SpringDataWebProperties' (OnClassCondition)

   SpringDocConfiguration.SpringDocWebFluxSupportConfiguration:
      Did not match:
         - @ConditionalOnClass did not find required class 'reactor.core.publisher.Flux' (OnClassCondition)

   SpringDocDataRestConfiguration:
      Did not match:
         - @ConditionalOnClass did not find required class 'org.springframework.data.rest.core.config.RepositoryRestConfiguration' (OnClassCondition)

   SpringDocFunctionCatalogConfiguration:
      Did not match:
         - @ConditionalOnClass did not find required class 'org.springframework.cloud.function.web.function.FunctionEndpointInitializer' (OnClassCondition)

   SpringDocGroovyConfiguration:
      Did not match:
         - @ConditionalOnClass did not find required class 'groovy.lang.MetaClass' (OnClassCondition)

   SpringDocHateoasConfiguration:
      Did not match:
         - @ConditionalOnClass did not find required class 'org.springframework.hateoas.server.LinkRelationProvider' (OnClassCondition)

   SpringDocJacksonKotlinModuleConfiguration:
      Did not match:
         - @ConditionalOnClass did not find required class 'com.fasterxml.jackson.module.kotlin.KotlinModule' (OnClassCondition)

   SpringDocJavadocConfiguration:
      Did not match:
         - @ConditionalOnClass did not find required class 'com.github.therapi.runtimejavadoc.CommentFormatter' (OnClassCondition)

   SpringDocKotlinConfiguration:
      Did not match:
         - @ConditionalOnClass did not find required class 'kotlin.coroutines.Continuation' (OnClassCondition)

   SpringDocKotlinxConfiguration:
      Did not match:
         - @ConditionalOnClass did not find required class 'kotlinx.coroutines.flow.Flow' (OnClassCondition)

   SpringDocSecurityConfiguration:
      Did not match:
         - @ConditionalOnClass did not find required class 'org.springframework.security.web.SecurityFilterChain' (OnClassCondition)

   SpringDocSortConfiguration#dataRestDelegatingMethodParameterCustomizer:
      Did not match:
         - @ConditionalOnMissingBean (types: org.springdoc.core.customizers.DataRestDelegatingMethodParameterCustomizer; SearchStrategy: all) found beans of type 'org.springdoc.core.customizers.DataRestDelegatingMethodParameterCustomizer' dataRestDelegatingMethodParameterCustomizer (OnBeanCondition)

   SpringDocWebMvcConfiguration.SpringDocWebMvcActuatorConfiguration:
      Did not match:
         - @ConditionalOnClass did not find required class 'org.springframework.boot.actuate.endpoint.web.servlet.WebMvcEndpointHandlerMapping' (OnClassCondition)

   StackdriverMetricsExportAutoConfiguration:
      Did not match:
         - @ConditionalOnClass did not find required class 'io.micrometer.stackdriver.StackdriverMeterRegistry' (OnClassCondition)

   StartupEndpointAutoConfiguration:
      Did not match:
         - ApplicationStartup configured applicationStartup is of type class org.springframework.core.metrics.DefaultApplicationStartup, expected BufferingApplicationStartup. (StartupEndpointAutoConfiguration.ApplicationStartupCondition)

   StatsdMetricsExportAutoConfiguration:
      Did not match:
         - @ConditionalOnClass did not find required class 'io.micrometer.statsd.StatsdMeterRegistry' (OnClassCondition)

   SwaggerConfig#springWebProvider:
      Did not match:
         - @ConditionalOnMissingBean (types: org.springdoc.core.providers.SpringWebProvider; SearchStrategy: all) found beans of type 'org.springdoc.core.providers.SpringWebProvider' springWebProvider (OnBeanCondition)

   SwaggerConfig#swaggerUiHome:
      Did not match:
         - @ConditionalOnProperty (springdoc.swagger-ui.use-root-path=true) did not find property 'springdoc.swagger-ui.use-root-path' (OnPropertyCondition)

   SwaggerConfig.SwaggerActuatorWelcomeConfiguration:
      Did not match:
         - @ConditionalOnClass did not find required class 'org.springframework.boot.actuate.endpoint.web.servlet.WebMvcEndpointHandlerMapping' (OnClassCondition)

   TaskExecutorConfigurations.AsyncConfigurerWrapperConfiguration:
      Did not match:
         - @ConditionalOnBean (types: org.springframework.scheduling.annotation.AsyncConfigurer; SearchStrategy: all) did not find any beans of type org.springframework.scheduling.annotation.AsyncConfigurer (OnBeanCondition)

   TaskExecutorConfigurations.SimpleAsyncTaskExecutorBuilderConfiguration#simpleAsyncTaskExecutorBuilderVirtualThreads:
      Did not match:
         - @ConditionalOnMissingBean (types: org.springframework.boot.task.SimpleAsyncTaskExecutorBuilder; SearchStrategy: all) found beans of type 'org.springframework.boot.task.SimpleAsyncTaskExecutorBuilder' simpleAsyncTaskExecutorBuilder (OnBeanCondition)

   TaskExecutorConfigurations.TaskExecutorConfiguration#applicationTaskExecutorVirtualThreads:
      Did not match:
         - @ConditionalOnThreading did not find VIRTUAL (OnThreadingCondition)

   TaskSchedulingAutoConfiguration#scheduledBeanLazyInitializationExcludeFilter:
      Did not match:
         - @ConditionalOnBean (names: org.springframework.scheduling.config.internalScheduledAnnotationProcessor; SearchStrategy: all) did not find any beans named org.springframework.scheduling.config.internalScheduledAnnotationProcessor (OnBeanCondition)

   TaskSchedulingConfigurations.SimpleAsyncTaskSchedulerBuilderConfiguration#simpleAsyncTaskSchedulerBuilderVirtualThreads:
      Did not match:
         - @ConditionalOnMissingBean (types: org.springframework.boot.task.SimpleAsyncTaskSchedulerBuilder; SearchStrategy: all) found beans of type 'org.springframework.boot.task.SimpleAsyncTaskSchedulerBuilder' simpleAsyncTaskSchedulerBuilder (OnBeanCondition)

   TaskSchedulingConfigurations.TaskSchedulerConfiguration:
      Did not match:
         - @ConditionalOnBean (names: org.springframework.scheduling.config.internalScheduledAnnotationProcessor; SearchStrategy: all) did not find any beans named org.springframework.scheduling.config.internalScheduledAnnotationProcessor (OnBeanCondition)

   ThreadDumpEndpointAutoConfiguration:
      Did not match:
         - @ConditionalOnAvailableEndpoint not exposed (OnAvailableEndpointCondition)

   TomcatReactiveManagementContextAutoConfiguration:
      Did not match:
         - @ConditionalOnWebApplication did not find reactive web application classes (OnWebApplicationCondition)

   TomcatReactiveWebServerAutoConfiguration:
      Did not match:
         - @ConditionalOnWebApplication did not find reactive web application classes (OnWebApplicationCondition)

   TomcatServletManagementContextAutoConfiguration:
      Did not match:
         - Management Port actual port type (SAME) did not match required type (DIFFERENT) (OnManagementPortCondition)
      Matched:
         - @ConditionalOnClass found required class 'org.springframework.boot.actuate.autoconfigure.web.server.ManagementContextFactory' (OnClassCondition)
         - found 'session' scope (OnWebApplicationCondition)

   TomcatServletWebServerAutoConfiguration#tomcatForwardedHeaderFilterCustomizer:
      Did not match:
         - @ConditionalOnProperty (server.forward-headers-strategy=framework) did not find property 'server.forward-headers-strategy' (OnPropertyCondition)

   TomcatWebServerConfiguration#tomcatVirtualThreadsProtocolHandlerCustomizer:
      Did not match:
         - @ConditionalOnThreading did not find VIRTUAL (OnThreadingCondition)

   TransactionAutoConfiguration#transactionalOperator:
      Did not match:
         - @ConditionalOnSingleCandidate (types: org.springframework.transaction.ReactiveTransactionManager; SearchStrategy: all) did not find any beans (OnBeanCondition)

   TransactionAutoConfiguration.AspectJTransactionManagementConfiguration:
      Did not match:
         - @ConditionalOnBean (types: org.springframework.transaction.aspectj.AbstractTransactionAspect; SearchStrategy: all) did not find any beans of type org.springframework.transaction.aspectj.AbstractTransactionAspect (OnBeanCondition)

   TransactionAutoConfiguration.EnableTransactionManagementConfiguration.JdkDynamicAutoProxyConfiguration:
      Did not match:
         - @ConditionalOnBooleanProperty (spring.aop.proxy-target-class=false) did not find property 'spring.aop.proxy-target-class' (OnPropertyCondition)

   WebMvcAutoConfiguration#hiddenHttpMethodFilter:
      Did not match:
         - @ConditionalOnBooleanProperty (spring.mvc.hiddenmethod.filter.enabled=true) did not find property 'spring.mvc.hiddenmethod.filter.enabled' (OnPropertyCondition)

   WebMvcAutoConfiguration.ProblemDetailsErrorHandlingConfiguration:
      Did not match:
         - @ConditionalOnBooleanProperty (spring.mvc.problemdetails.enabled=true) did not find property 'spring.mvc.problemdetails.enabled' (OnPropertyCondition)

   WebMvcAutoConfiguration.WebMvcAutoConfigurationAdapter#beanNameViewResolver:
      Did not match:
         - @ConditionalOnMissingBean (types: org.springframework.web.servlet.view.BeanNameViewResolver; SearchStrategy: all) found beans of type 'org.springframework.web.servlet.view.BeanNameViewResolver' beanNameViewResolver (OnBeanCondition)

   WebMvcEndpointManagementContextConfiguration.HealthConfiguration#managementHealthEndpointWebMvcHandlerMapping:
      Did not match:
         - Management Port actual port type (SAME) did not match required type (DIFFERENT) (OnManagementPortCondition)

   WebMvcMappingsAutoConfiguration:
      Did not match:
         - @ConditionalOnAvailableEndpoint not exposed (OnAvailableEndpointCondition)
      Matched:
         - @ConditionalOnClass found required classes 'org.springframework.boot.actuate.autoconfigure.endpoint.condition.ConditionalOnAvailableEndpoint', 'org.springframework.web.servlet.DispatcherServlet', 'org.springframework.boot.actuate.web.mappings.MappingsEndpoint' (OnClassCondition)
         - found 'session' scope (OnWebApplicationCondition)

   XADataSourceAutoConfiguration:
      Did not match:
         - @ConditionalOnBean (types: org.springframework.boot.jdbc.XADataSourceWrapper; SearchStrategy: all) did not find any beans of type org.springframework.boot.jdbc.XADataSourceWrapper (OnBeanCondition)
      Matched:
         - @ConditionalOnClass found required classes 'javax.sql.DataSource', 'jakarta.transaction.TransactionManager', 'org.springframework.jdbc.datasource.embedded.EmbeddedDatabaseType' (OnClassCondition)


Exclusions:
-----------

    None


Unconditional classes:
----------------------

    org.springframework.boot.health.autoconfigure.registry.HealthContributorRegistryAutoConfiguration

    org.springframework.boot.autoconfigure.context.ConfigurationPropertiesAutoConfiguration

    org.springframework.boot.autoconfigure.ssl.SslAutoConfiguration

    org.springframework.boot.actuate.autoconfigure.info.InfoContributorAutoConfiguration

    org.springframework.boot.autoconfigure.context.PropertyPlaceholderAutoConfiguration

    org.springframework.boot.autoconfigure.context.LifecycleAutoConfiguration

    org.springdoc.core.configuration.SpringDocSpecPropertiesConfiguration

    org.springframework.boot.actuate.autoconfigure.endpoint.EndpointAutoConfiguration

    org.springframework.boot.autoconfigure.availability.ApplicationAvailabilityAutoConfiguration

    org.springframework.boot.health.autoconfigure.contributor.HealthContributorAutoConfiguration

    org.springframework.boot.autoconfigure.info.ProjectInfoAutoConfiguration

    org.springframework.boot.actuate.autoconfigure.web.server.ManagementContextAutoConfiguration



2026-08-20T17:48:20.022+09:00 ERROR 8108 --- [InnerDerma] [  restartedMain] o.s.boot.SpringApplication               : Application run failed

org.springframework.dao.DataIntegrityViolationException: could not execute statement [NULL not allowed for column "BRAND"; SQL statement:
insert into products (active,application_method,brand,category,demo_product,display_priority,image_url,ingredients_highlight_json,name,official_url,price,product_code,safety_attention_compatible,skin_state_tags_json,source,target_concern,usage_instruction,verified_claims_json,id) values (?,?,?,?,?,?,?,?,?,?,?,?,?,?,?,?,?,?,default) [23502-240]] [insert into products (active,application_method,brand,category,demo_product,display_priority,image_url,ingredients_highlight_json,name,official_url,price,product_code,safety_attention_compatible,skin_state_tags_json,source,target_concern,usage_instruction,verified_claims_json,id) values (?,?,?,?,?,?,?,?,?,?,?,?,?,?,?,?,?,?,default)]; SQL [insert into products (active,application_method,brand,category,demo_product,display_priority,image_url,ingredients_highlight_json,name,official_url,price,product_code,safety_attention_compatible,skin_state_tags_json,source,target_concern,usage_instruction,verified_claims_json,id) values (?,?,?,?,?,?,?,?,?,?,?,?,?,?,?,?,?,?,default)]; constraint [BRAND]
	at org.springframework.orm.jpa.hibernate.HibernateExceptionTranslator.convertHibernateAccessException(HibernateExceptionTranslator.java:169) ~[spring-orm-7.0.9-SNAPSHOT.jar:7.0.9-SNAPSHOT]
	at org.springframework.orm.jpa.hibernate.HibernateExceptionTranslator.convertHibernateAccessException(HibernateExceptionTranslator.java:131) ~[spring-orm-7.0.9-SNAPSHOT.jar:7.0.9-SNAPSHOT]
	at org.springframework.orm.jpa.hibernate.HibernateExceptionTranslator.translateExceptionIfPossible(HibernateExceptionTranslator.java:105) ~[spring-orm-7.0.9-SNAPSHOT.jar:7.0.9-SNAPSHOT]
	at org.springframework.orm.jpa.vendor.HibernateJpaDialect.translateExceptionIfPossible(HibernateJpaDialect.java:223) ~[spring-orm-7.0.9-SNAPSHOT.jar:7.0.9-SNAPSHOT]
	at org.springframework.orm.jpa.AbstractEntityManagerFactoryBean.translateExceptionIfPossible(AbstractEntityManagerFactoryBean.java:577) ~[spring-orm-7.0.9-SNAPSHOT.jar:7.0.9-SNAPSHOT]
	at org.springframework.dao.support.ChainedPersistenceExceptionTranslator.translateExceptionIfPossible(ChainedPersistenceExceptionTranslator.java:61) ~[spring-tx-7.0.9-SNAPSHOT.jar:7.0.9-SNAPSHOT]
	at org.springframework.dao.support.DataAccessUtils.translateIfNecessary(DataAccessUtils.java:346) ~[spring-tx-7.0.9-SNAPSHOT.jar:7.0.9-SNAPSHOT]
	at org.springframework.dao.support.PersistenceExceptionTranslationInterceptor.invoke(PersistenceExceptionTranslationInterceptor.java:157) ~[spring-tx-7.0.9-SNAPSHOT.jar:7.0.9-SNAPSHOT]
	at org.springframework.aop.framework.ReflectiveMethodInvocation.proceed(ReflectiveMethodInvocation.java:179) ~[spring-aop-7.0.9-SNAPSHOT.jar:7.0.9-SNAPSHOT]
	at org.springframework.data.jpa.repository.support.CrudMethodMetadataPostProcessor$CrudMethodMetadataPopulatingMethodInterceptor.invoke(CrudMethodMetadataPostProcessor.java:166) ~[spring-data-jpa-4.0.7-SNAPSHOT.jar:4.0.7-SNAPSHOT]
	at org.springframework.aop.framework.ReflectiveMethodInvocation.proceed(ReflectiveMethodInvocation.java:179) ~[spring-aop-7.0.9-SNAPSHOT.jar:7.0.9-SNAPSHOT]
	at org.springframework.aop.framework.JdkDynamicAopProxy.invoke(JdkDynamicAopProxy.java:222) ~[spring-aop-7.0.9-SNAPSHOT.jar:7.0.9-SNAPSHOT]
	at jdk.proxy4/jdk.proxy4.$Proxy193.save(Unknown Source) ~[na:na]
	at com.innerderma.common.config.DemoDataInitializer.seedKnowledgeBaseProducts(DemoDataInitializer.java:152) ~[main/:na]
	at com.innerderma.common.config.DemoDataInitializer.lambda$initializeDemoData$1(DemoDataInitializer.java:101) ~[main/:na]
	at org.springframework.boot.SpringApplication.lambda$callRunner$1(SpringApplication.java:792) ~[spring-boot-4.0.8-SNAPSHOT.jar:4.0.8-SNAPSHOT]
	at org.springframework.util.function.ThrowingConsumer$1.acceptWithException(ThrowingConsumer.java:82) ~[spring-core-7.0.9-SNAPSHOT.jar:7.0.9-SNAPSHOT]
	at org.springframework.util.function.ThrowingConsumer.accept(ThrowingConsumer.java:60) ~[spring-core-7.0.9-SNAPSHOT.jar:7.0.9-SNAPSHOT]
	at org.springframework.util.function.ThrowingConsumer$1.accept(ThrowingConsumer.java:86) ~[spring-core-7.0.9-SNAPSHOT.jar:7.0.9-SNAPSHOT]
	at org.springframework.boot.SpringApplication.callRunner(SpringApplication.java:800) ~[spring-boot-4.0.8-SNAPSHOT.jar:4.0.8-SNAPSHOT]
	at org.springframework.boot.SpringApplication.callRunner(SpringApplication.java:791) ~[spring-boot-4.0.8-SNAPSHOT.jar:4.0.8-SNAPSHOT]
	at org.springframework.boot.SpringApplication.lambda$callRunners$0(SpringApplication.java:776) ~[spring-boot-4.0.8-SNAPSHOT.jar:4.0.8-SNAPSHOT]
	at java.base/java.util.stream.ForEachOps$ForEachOp$OfRef.accept(ForEachOps.java:184) ~[na:na]
	at java.base/java.util.stream.SortedOps$SizedRefSortingSink.end(SortedOps.java:357) ~[na:na]
	at java.base/java.util.stream.AbstractPipeline.copyInto(AbstractPipeline.java:510) ~[na:na]
	at java.base/java.util.stream.AbstractPipeline.wrapAndCopyInto(AbstractPipeline.java:499) ~[na:na]
	at java.base/java.util.stream.ForEachOps$ForEachOp.evaluateSequential(ForEachOps.java:151) ~[na:na]
	at java.base/java.util.stream.ForEachOps$ForEachOp$OfRef.evaluateSequential(ForEachOps.java:174) ~[na:na]
	at java.base/java.util.stream.AbstractPipeline.evaluate(AbstractPipeline.java:234) ~[na:na]
	at java.base/java.util.stream.ReferencePipeline.forEach(ReferencePipeline.java:596) ~[na:na]
	at org.springframework.boot.SpringApplication.callRunners(SpringApplication.java:776) ~[spring-boot-4.0.8-SNAPSHOT.jar:4.0.8-SNAPSHOT]
	at org.springframework.boot.SpringApplication.run(SpringApplication.java:328) ~[spring-boot-4.0.8-SNAPSHOT.jar:4.0.8-SNAPSHOT]
	at org.springframework.boot.SpringApplication.run(SpringApplication.java:1365) ~[spring-boot-4.0.8-SNAPSHOT.jar:4.0.8-SNAPSHOT]
	at org.springframework.boot.SpringApplication.run(SpringApplication.java:1354) ~[spring-boot-4.0.8-SNAPSHOT.jar:4.0.8-SNAPSHOT]
	at com.innerderma.InnerDermaApplication.main(InnerDermaApplication.java:10) ~[main/:na]
	at java.base/jdk.internal.reflect.DirectMethodHandleAccessor.invoke(DirectMethodHandleAccessor.java:103) ~[na:na]
	at java.base/java.lang.reflect.Method.invoke(Method.java:580) ~[na:na]
	at org.springframework.boot.devtools.restart.RestartLauncher.run(RestartLauncher.java:52) ~[spring-boot-devtools-4.0.8-SNAPSHOT.jar:4.0.8-SNAPSHOT]
Caused by: org.hibernate.exception.ConstraintViolationException: could not execute statement [NULL not allowed for column "BRAND"; SQL statement:
insert into products (active,application_method,brand,category,demo_product,display_priority,image_url,ingredients_highlight_json,name,official_url,price,product_code,safety_attention_compatible,skin_state_tags_json,source,target_concern,usage_instruction,verified_claims_json,id) values (?,?,?,?,?,?,?,?,?,?,?,?,?,?,?,?,?,?,default) [23502-240]] [insert into products (active,application_method,brand,category,demo_product,display_priority,image_url,ingredients_highlight_json,name,official_url,price,product_code,safety_attention_compatible,skin_state_tags_json,source,target_concern,usage_instruction,verified_claims_json,id) values (?,?,?,?,?,?,?,?,?,?,?,?,?,?,?,?,?,?,default)]
	at org.hibernate.dialect.H2Dialect.lambda$buildSQLExceptionConversionDelegate$0(H2Dialect.java:836) ~[hibernate-core-7.2.24.Final.jar:7.2.24.Final]
	at org.hibernate.exception.internal.StandardSQLExceptionConverter.convert(StandardSQLExceptionConverter.java:34) ~[hibernate-core-7.2.24.Final.jar:7.2.24.Final]
	at org.hibernate.engine.jdbc.spi.SqlExceptionHelper.convert(SqlExceptionHelper.java:115) ~[hibernate-core-7.2.24.Final.jar:7.2.24.Final]
	at org.hibernate.engine.jdbc.internal.ResultSetReturnImpl.executeUpdate(ResultSetReturnImpl.java:184) ~[hibernate-core-7.2.24.Final.jar:7.2.24.Final]
	at org.hibernate.id.insert.GetGeneratedKeysDelegate.performMutation(GetGeneratedKeysDelegate.java:103) ~[hibernate-core-7.2.24.Final.jar:7.2.24.Final]
	at org.hibernate.engine.jdbc.mutation.internal.MutationExecutorSingleNonBatched.performNonBatchedOperations(MutationExecutorSingleNonBatched.java:45) ~[hibernate-core-7.2.24.Final.jar:7.2.24.Final]
	at org.hibernate.engine.jdbc.mutation.internal.AbstractMutationExecutor.execute(AbstractMutationExecutor.java:66) ~[hibernate-core-7.2.24.Final.jar:7.2.24.Final]
	at org.hibernate.engine.jdbc.mutation.internal.AbstractMutationExecutor.execute(AbstractMutationExecutor.java:55) ~[hibernate-core-7.2.24.Final.jar:7.2.24.Final]
	at org.hibernate.persister.entity.mutation.InsertCoordinatorStandard.doStaticInserts(InsertCoordinatorStandard.java:180) ~[hibernate-core-7.2.24.Final.jar:7.2.24.Final]
	at org.hibernate.persister.entity.mutation.InsertCoordinatorStandard.coordinateInsert(InsertCoordinatorStandard.java:120) ~[hibernate-core-7.2.24.Final.jar:7.2.24.Final]
	at org.hibernate.persister.entity.mutation.InsertCoordinatorStandard.insert(InsertCoordinatorStandard.java:84) ~[hibernate-core-7.2.24.Final.jar:7.2.24.Final]
	at org.hibernate.action.internal.EntityIdentityInsertAction.execute(EntityIdentityInsertAction.java:85) ~[hibernate-core-7.2.24.Final.jar:7.2.24.Final]
	at org.hibernate.engine.spi.ActionQueue.execute(ActionQueue.java:667) ~[hibernate-core-7.2.24.Final.jar:7.2.24.Final]
	at org.hibernate.engine.spi.ActionQueue.addResolvedEntityInsertAction(ActionQueue.java:291) ~[hibernate-core-7.2.24.Final.jar:7.2.24.Final]
	at org.hibernate.engine.spi.ActionQueue.addInsertAction(ActionQueue.java:270) ~[hibernate-core-7.2.24.Final.jar:7.2.24.Final]
	at org.hibernate.engine.spi.ActionQueue.addAction(ActionQueue.java:322) ~[hibernate-core-7.2.24.Final.jar:7.2.24.Final]
	at org.hibernate.event.internal.AbstractSaveEventListener.addInsertAction(AbstractSaveEventListener.java:371) ~[hibernate-core-7.2.24.Final.jar:7.2.24.Final]
	at org.hibernate.event.internal.AbstractSaveEventListener.performSaveOrReplicate(AbstractSaveEventListener.java:285) ~[hibernate-core-7.2.24.Final.jar:7.2.24.Final]
	at org.hibernate.event.internal.AbstractSaveEventListener.performSave(AbstractSaveEventListener.java:215) ~[hibernate-core-7.2.24.Final.jar:7.2.24.Final]
	at org.hibernate.event.internal.AbstractSaveEventListener.saveWithGeneratedId(AbstractSaveEventListener.java:133) ~[hibernate-core-7.2.24.Final.jar:7.2.24.Final]
	at org.hibernate.event.internal.DefaultPersistEventListener.entityIsTransient(DefaultPersistEventListener.java:144) ~[hibernate-core-7.2.24.Final.jar:7.2.24.Final]
	at org.hibernate.event.internal.DefaultPersistEventListener.persist(DefaultPersistEventListener.java:90) ~[hibernate-core-7.2.24.Final.jar:7.2.24.Final]
	at org.hibernate.event.internal.DefaultPersistEventListener.onPersist(DefaultPersistEventListener.java:74) ~[hibernate-core-7.2.24.Final.jar:7.2.24.Final]
	at org.hibernate.event.internal.DefaultPersistEventListener.onPersist(DefaultPersistEventListener.java:50) ~[hibernate-core-7.2.24.Final.jar:7.2.24.Final]
	at org.hibernate.event.service.internal.EventListenerGroupImpl.fireEventOnEachListener(EventListenerGroupImpl.java:138) ~[hibernate-core-7.2.24.Final.jar:7.2.24.Final]
	at org.hibernate.internal.SessionImpl.firePersist(SessionImpl.java:706) ~[hibernate-core-7.2.24.Final.jar:7.2.24.Final]
	at org.hibernate.internal.SessionImpl.persist(SessionImpl.java:689) ~[hibernate-core-7.2.24.Final.jar:7.2.24.Final]
	at java.base/jdk.internal.reflect.DirectMethodHandleAccessor.invoke(DirectMethodHandleAccessor.java:103) ~[na:na]
	at java.base/java.lang.reflect.Method.invoke(Method.java:580) ~[na:na]
	at org.springframework.orm.jpa.SharedEntityManagerCreator$SharedEntityHandlerInvocationHandler.invokeMethod(SharedEntityManagerCreator.java:239) ~[spring-orm-7.0.9-SNAPSHOT.jar:7.0.9-SNAPSHOT]
	at org.springframework.orm.jpa.SharedEntityManagerCreator$SharedEntityManagerInvocationHandler.invoke(SharedEntityManagerCreator.java:392) ~[spring-orm-7.0.9-SNAPSHOT.jar:7.0.9-SNAPSHOT]
	at jdk.proxy4/jdk.proxy4.$Proxy162.persist(Unknown Source) ~[na:na]
	at org.springframework.data.jpa.repository.support.SimpleJpaRepository.save(SimpleJpaRepository.java:664) ~[spring-data-jpa-4.0.7-SNAPSHOT.jar:4.0.7-SNAPSHOT]
	at java.base/jdk.internal.reflect.DirectMethodHandleAccessor.invoke(DirectMethodHandleAccessor.java:103) ~[na:na]
	at java.base/java.lang.reflect.Method.invoke(Method.java:580) ~[na:na]
	at org.springframework.aop.support.AopUtils.invokeJoinpointUsingReflection(AopUtils.java:359) ~[spring-aop-7.0.9-SNAPSHOT.jar:7.0.9-SNAPSHOT]
	at org.springframework.data.repository.core.support.RepositoryMethodInvoker$RepositoryFragmentMethodInvoker.lambda$new$0(RepositoryMethodInvoker.java:278) ~[spring-data-commons-4.0.7-SNAPSHOT.jar:4.0.7-SNAPSHOT]
	at org.springframework.data.repository.core.support.RepositoryMethodInvoker.doInvoke(RepositoryMethodInvoker.java:169) ~[spring-data-commons-4.0.7-SNAPSHOT.jar:4.0.7-SNAPSHOT]
	at org.springframework.data.repository.core.support.RepositoryMethodInvoker.invoke(RepositoryMethodInvoker.java:158) ~[spring-data-commons-4.0.7-SNAPSHOT.jar:4.0.7-SNAPSHOT]
	at org.springframework.data.repository.core.support.RepositoryComposition$RepositoryFragments.invoke(RepositoryComposition.java:545) ~[spring-data-commons-4.0.7-SNAPSHOT.jar:4.0.7-SNAPSHOT]
	at org.springframework.data.repository.core.support.RepositoryComposition.invoke(RepositoryComposition.java:290) ~[spring-data-commons-4.0.7-SNAPSHOT.jar:4.0.7-SNAPSHOT]
	at org.springframework.data.repository.core.support.RepositoryFactorySupport$ImplementationMethodExecutionInterceptor.invoke(RepositoryFactorySupport.java:690) ~[spring-data-commons-4.0.7-SNAPSHOT.jar:4.0.7-SNAPSHOT]
	at org.springframework.aop.framework.ReflectiveMethodInvocation.proceed(ReflectiveMethodInvocation.java:179) ~[spring-aop-7.0.9-SNAPSHOT.jar:7.0.9-SNAPSHOT]
	at org.springframework.data.repository.core.support.QueryExecutorMethodInterceptor.doInvoke(QueryExecutorMethodInterceptor.java:171) ~[spring-data-commons-4.0.7-SNAPSHOT.jar:4.0.7-SNAPSHOT]
	at org.springframework.data.repository.core.support.QueryExecutorMethodInterceptor.invoke(QueryExecutorMethodInterceptor.java:146) ~[spring-data-commons-4.0.7-SNAPSHOT.jar:4.0.7-SNAPSHOT]
	at org.springframework.aop.framework.ReflectiveMethodInvocation.proceed(ReflectiveMethodInvocation.java:179) ~[spring-aop-7.0.9-SNAPSHOT.jar:7.0.9-SNAPSHOT]
	at org.springframework.data.projection.DefaultMethodInvokingMethodInterceptor.invoke(DefaultMethodInvokingMethodInterceptor.java:69) ~[spring-data-commons-4.0.7-SNAPSHOT.jar:4.0.7-SNAPSHOT]
	at org.springframework.aop.framework.ReflectiveMethodInvocation.proceed(ReflectiveMethodInvocation.java:179) ~[spring-aop-7.0.9-SNAPSHOT.jar:7.0.9-SNAPSHOT]
	at org.springframework.transaction.interceptor.TransactionInterceptor$1.proceedWithInvocation(TransactionInterceptor.java:133) ~[spring-tx-7.0.9-SNAPSHOT.jar:7.0.9-SNAPSHOT]
	at org.springframework.transaction.interceptor.TransactionAspectSupport.invokeWithinTransaction(TransactionAspectSupport.java:371) ~[spring-tx-7.0.9-SNAPSHOT.jar:7.0.9-SNAPSHOT]
	at org.springframework.transaction.interceptor.TransactionInterceptor.invoke(TransactionInterceptor.java:130) ~[spring-tx-7.0.9-SNAPSHOT.jar:7.0.9-SNAPSHOT]
	at org.springframework.aop.framework.ReflectiveMethodInvocation.proceed(ReflectiveMethodInvocation.java:179) ~[spring-aop-7.0.9-SNAPSHOT.jar:7.0.9-SNAPSHOT]
	at org.springframework.dao.support.PersistenceExceptionTranslationInterceptor.invoke(PersistenceExceptionTranslationInterceptor.java:135) ~[spring-tx-7.0.9-SNAPSHOT.jar:7.0.9-SNAPSHOT]
	... 30 common frames omitted
Caused by: org.h2.jdbc.JdbcSQLIntegrityConstraintViolationException: NULL not allowed for column "BRAND"; SQL statement:
insert into products (active,application_method,brand,category,demo_product,display_priority,image_url,ingredients_highlight_json,name,official_url,price,product_code,safety_attention_compatible,skin_state_tags_json,source,target_concern,usage_instruction,verified_claims_json,id) values (?,?,?,?,?,?,?,?,?,?,?,?,?,?,?,?,?,?,default) [23502-240]
	at org.h2.message.DbException.getJdbcSQLException(DbException.java:520) ~[h2-2.4.240.jar:2.4.240]
	at org.h2.message.DbException.getJdbcSQLException(DbException.java:489) ~[h2-2.4.240.jar:2.4.240]
	at org.h2.message.DbException.get(DbException.java:223) ~[h2-2.4.240.jar:2.4.240]
	at org.h2.message.DbException.get(DbException.java:199) ~[h2-2.4.240.jar:2.4.240]
	at org.h2.table.Column.validateConvertUpdateSequence(Column.java:406) ~[h2-2.4.240.jar:2.4.240]
	at org.h2.table.Table.convertInsertRow(Table.java:948) ~[h2-2.4.240.jar:2.4.240]
	at org.h2.command.dml.Insert.insertRows(Insert.java:167) ~[h2-2.4.240.jar:2.4.240]
	at org.h2.command.dml.Insert.update(Insert.java:135) ~[h2-2.4.240.jar:2.4.240]
	at org.h2.command.CommandContainer.executeUpdateWithGeneratedKeys(CommandContainer.java:212) ~[h2-2.4.240.jar:2.4.240]
	at org.h2.command.CommandContainer.update(CommandContainer.java:133) ~[h2-2.4.240.jar:2.4.240]
	at org.h2.command.Command.executeUpdate(Command.java:306) ~[h2-2.4.240.jar:2.4.240]
	at org.h2.command.Command.executeUpdate(Command.java:250) ~[h2-2.4.240.jar:2.4.240]
	at org.h2.jdbc.JdbcPreparedStatement.executeUpdateInternal(JdbcPreparedStatement.java:213) ~[h2-2.4.240.jar:2.4.240]
	at org.h2.jdbc.JdbcPreparedStatement.executeUpdate(JdbcPreparedStatement.java:172) ~[h2-2.4.240.jar:2.4.240]
	at com.zaxxer.hikari.pool.ProxyPreparedStatement.executeUpdate(ProxyPreparedStatement.java:61) ~[HikariCP-7.0.2.jar:na]
	at com.zaxxer.hikari.pool.HikariProxyPreparedStatement.executeUpdate(HikariProxyPreparedStatement.java) ~[HikariCP-7.0.2.jar:na]
	at org.hibernate.engine.jdbc.internal.ResultSetReturnImpl.executeUpdate(ResultSetReturnImpl.java:181) ~[hibernate-core-7.2.24.Final.jar:7.2.24.Final]
	... 79 common frames omitted

2026-08-20T17:48:20.044+09:00 DEBUG 8108 --- [InnerDerma] [  restartedMain] o.s.b.a.ApplicationAvailabilityBean      : Application availability state ReadinessState changed to REFUSING_TRAFFIC
2026-08-20T17:48:20.046+09:00 DEBUG 8108 --- [InnerDerma] [  restartedMain] ConfigServletWebServerApplicationContext : Closing org.springframework.boot.web.server.servlet.context.AnnotationConfigServletWebServerApplicationContext@41055bc0, started on Thu Aug 20 17:48:14 KST 2026
2026-08-20T17:48:20.050+09:00  INFO 8108 --- [InnerDerma] [  restartedMain] o.s.boot.tomcat.GracefulShutdown         : Commencing graceful shutdown. Waiting for active requests to complete
2026-08-20T17:48:20.059+09:00  INFO 8108 --- [InnerDerma] [tomcat-shutdown] o.s.boot.tomcat.GracefulShutdown         : Graceful shutdown complete
2026-08-20T17:48:20.079+09:00  INFO 8108 --- [InnerDerma] [  restartedMain] j.LocalContainerEntityManagerFactoryBean : Closing JPA EntityManagerFactory for persistence unit 'default'
2026-08-20T17:48:20.080+09:00 DEBUG 8108 --- [InnerDerma] [  restartedMain] org.hibernate.SQL                        : 
    drop table if exists ai_rules cascade 
Hibernate: 
    drop table if exists ai_rules cascade 
2026-08-20T17:48:20.083+09:00 DEBUG 8108 --- [InnerDerma] [  restartedMain] org.hibernate.SQL                        : 
    drop table if exists care_completions cascade 
Hibernate: 
    drop table if exists care_completions cascade 
2026-08-20T17:48:20.084+09:00 DEBUG 8108 --- [InnerDerma] [  restartedMain] org.hibernate.SQL                        : 
    drop table if exists care_cycles cascade 
Hibernate: 
    drop table if exists care_cycles cascade 
2026-08-20T17:48:20.084+09:00 DEBUG 8108 --- [InnerDerma] [  restartedMain] org.hibernate.SQL                        : 
    drop table if exists care_solutions cascade 
Hibernate: 
    drop table if exists care_solutions cascade 
2026-08-20T17:48:20.085+09:00 DEBUG 8108 --- [InnerDerma] [  restartedMain] org.hibernate.SQL                        : 
    drop table if exists cart_items cascade 
Hibernate: 
    drop table if exists cart_items cascade 
2026-08-20T17:48:20.086+09:00 DEBUG 8108 --- [InnerDerma] [  restartedMain] org.hibernate.SQL                        : 
    drop table if exists facilities cascade 
Hibernate: 
    drop table if exists facilities cascade 
2026-08-20T17:48:20.087+09:00 DEBUG 8108 --- [InnerDerma] [  restartedMain] org.hibernate.SQL                        : 
    drop table if exists procedure_aftercare_restrictions cascade 
Hibernate: 
    drop table if exists procedure_aftercare_restrictions cascade 
2026-08-20T17:48:20.087+09:00 DEBUG 8108 --- [InnerDerma] [  restartedMain] org.hibernate.SQL                        : 
    drop table if exists procedure_allowed_product_tags cascade 
Hibernate: 
    drop table if exists procedure_allowed_product_tags cascade 
2026-08-20T17:48:20.087+09:00 DEBUG 8108 --- [InnerDerma] [  restartedMain] org.hibernate.SQL                        : 
    drop table if exists procedure_normal_symptoms cascade 
Hibernate: 
    drop table if exists procedure_normal_symptoms cascade 
2026-08-20T17:48:20.089+09:00 DEBUG 8108 --- [InnerDerma] [  restartedMain] org.hibernate.SQL                        : 
    drop table if exists procedure_records cascade 
Hibernate: 
    drop table if exists procedure_records cascade 
2026-08-20T17:48:20.089+09:00 DEBUG 8108 --- [InnerDerma] [  restartedMain] org.hibernate.SQL                        : 
    drop table if exists procedure_restricted_product_tags cascade 
Hibernate: 
    drop table if exists procedure_restricted_product_tags cascade 
2026-08-20T17:48:20.089+09:00 DEBUG 8108 --- [InnerDerma] [  restartedMain] org.hibernate.SQL                        : 
    drop table if exists procedure_warning_symptoms cascade 
Hibernate: 
    drop table if exists procedure_warning_symptoms cascade 
2026-08-20T17:48:20.090+09:00 DEBUG 8108 --- [InnerDerma] [  restartedMain] org.hibernate.SQL                        : 
    drop table if exists product_recommendation_logs cascade 
Hibernate: 
    drop table if exists product_recommendation_logs cascade 
2026-08-20T17:48:20.090+09:00 DEBUG 8108 --- [InnerDerma] [  restartedMain] org.hibernate.SQL                        : 
    drop table if exists products cascade 
Hibernate: 
    drop table if exists products cascade 
2026-08-20T17:48:20.090+09:00 DEBUG 8108 --- [InnerDerma] [  restartedMain] org.hibernate.SQL                        : 
    drop table if exists self_checks cascade 
Hibernate: 
    drop table if exists self_checks cascade 
2026-08-20T17:48:20.091+09:00 DEBUG 8108 --- [InnerDerma] [  restartedMain] org.hibernate.SQL                        : 
    drop table if exists skin_analyses cascade 
Hibernate: 
    drop table if exists skin_analyses cascade 
2026-08-20T17:48:20.091+09:00 DEBUG 8108 --- [InnerDerma] [  restartedMain] org.hibernate.SQL                        : 
    drop table if exists skin_captures cascade 
Hibernate: 
    drop table if exists skin_captures cascade 
2026-08-20T17:48:20.092+09:00 DEBUG 8108 --- [InnerDerma] [  restartedMain] org.hibernate.SQL                        : 
    drop table if exists skin_state_snapshots cascade 
Hibernate: 
    drop table if exists skin_state_snapshots cascade 
2026-08-20T17:48:20.092+09:00 DEBUG 8108 --- [InnerDerma] [  restartedMain] org.hibernate.SQL                        : 
    drop table if exists users cascade 
Hibernate: 
    drop table if exists users cascade 
2026-08-20T17:48:20.093+09:00 DEBUG 8108 --- [InnerDerma] [  restartedMain] org.hibernate.SQL                        : 
    drop table if exists whs_skin_diagnoses cascade 
Hibernate: 
    drop table if exists whs_skin_diagnoses cascade 
2026-08-20T17:48:20.093+09:00 DEBUG 8108 --- [InnerDerma] [  restartedMain] org.hibernate.SQL                        : 
    drop table if exists whs_skin_diagnosis_metrics cascade 
Hibernate: 
    drop table if exists whs_skin_diagnosis_metrics cascade 
2026-08-20T17:48:20.093+09:00 DEBUG 8108 --- [InnerDerma] [  restartedMain] org.hibernate.SQL                        : 
    drop table if exists wishlist_items cascade 
Hibernate: 
    drop table if exists wishlist_items cascade 
2026-08-20T17:48:20.100+09:00  WARN 8108 --- [InnerDerma] [  restartedMain] o.s.b.f.support.DisposableBeanAdapter    : Invocation of destroy method failed on bean with name 'inMemoryDatabaseShutdownExecutor': org.h2.jdbc.JdbcSQLNonTransientConnectionException: Database is already closed (to disable automatic closing at VM shutdown, add ";DB_CLOSE_ON_EXIT=FALSE" to the db URL) [90121-240]
2026-08-20T17:48:20.101+09:00  INFO 8108 --- [InnerDerma] [  restartedMain] com.zaxxer.hikari.HikariDataSource       : HikariPool-1 - Shutdown initiated...
2026-08-20T17:48:20.103+09:00  INFO 8108 --- [InnerDerma] [  restartedMain] com.zaxxer.hikari.HikariDataSource       : HikariPool-1 - Shutdown completed.

BUILD SUCCESSFUL in 14s
4 actionable tasks: 1 executed, 3 up-to-date
Consider enabling configuration cache to speed up this build: https://docs.gradle.org/9.5.1/userguide/configuration_cache_enabling.html
